Unnamed: 0	session	filename	transcript	speaker	image	original_transcript	response	pinmic	array
694	20230325-161026-551	734.wav	私もグラスを持てばいいの？	Kawano	00000021/00021376.jpg	私もグラスを持てばいいの？	そうそう、みんなで乾杯しないとね。||はい、持ってくださいね	splitted_speech/pinmic/20230325-161026-551/734.html	splitted_speech/kawano_original/20230325-161026-551/734.html
665	20230325-161026-551	674.wav	セクシーでしょ	Kawano	00000027/00027137.jpg	セクシーでしょ	背中がセクシーだ||ちょっと露出しすぎじゃない？	splitted_speech/pinmic/20230325-161026-551/674.html	splitted_speech/kawano_original/20230325-161026-551/674.html
63	20230325-150539-579	285.wav	料理の隠し味は液体窒素です。	Yoshino	00000099/00099099.jpg	料理の隠し味は液体窒素です。	面白く。工夫した料理で楽しみです。||面白く。工夫した料理で楽しみです。||面白く。工夫した料理で楽しみです。	splitted_speech/pinmic/20230325-150539-579/285.html	splitted_speech/yoshino_original/20230325-150539-579/285.html
342	20230325-154844-077	5.wav	料理の隠し味は液体窒素です。	Yoshino	00000099/00099099.jpg	料理の隠し味は液体窒素です。	面白く。工夫した料理で楽しみです。||面白く。工夫した料理で楽しみです。||面白く。工夫した料理で楽しみです。	splitted_speech/pinmic/20230325-154844-077/5.html	splitted_speech/yoshino_original/20230325-154844-077/5.html
448	20230325-161026-551	364.wav	料理の隠し味は液体窒素です。	Kawano	00000099/00099099.jpg	料理の隠し味は液体窒素です。	面白く。工夫した料理で楽しみです。||面白く。工夫した料理で楽しみです。||面白く。工夫した料理で楽しみです。	splitted_speech/pinmic/20230325-161026-551/364.html	splitted_speech/kawano_original/20230325-161026-551/364.html
621	20230325-161026-551	614.wav	タレに絡めると本当にあまき甘みが増しておいしい。	Kawano	00000065/00065677.jpg	タレに絡めると本当に甘みが増しておいしい。	そうなの？私もやってみようっと||そうかもね	splitted_speech/pinmic/20230325-161026-551/614.html	splitted_speech/kawano_original/20230325-161026-551/614.html
490	20230325-161026-551	439.wav	ヘイおまち	Kawano	00000099/00099323.jpg	ヘイおまち	美味しそうですね。いただきます。||これならきっとお客さまも喜んでくれるわ||それ、お客さんに持っていきますね。||待っていました、とてもおいしそうです||美味しそうですね。いただきます。||これならきっとお客さまも喜んでくれるわ||それ、お客さんに持っていきますね。||待っていました、とてもおいしそうです||美味しそうですね。いただきます。||これならきっとお客さまも喜んでくれるわ||それ、お客さんに持っていきますね。||待っていました、とてもおいしそうです||美味しそうですね。いただきます。||これならきっとお客さまも喜んでくれるわ||それ、お客さんに持っていきますね。||待っていました、とてもおいしそうです	splitted_speech/pinmic/20230325-161026-551/439.html	splitted_speech/kawano_original/20230325-161026-551/439.html
395	20230325-155017-589	40.wav	ヘイおまち	Yoshino	00000099/00099323.jpg	ヘイおまち	美味しそうですね。いただきます。||これならきっとお客さまも喜んでくれるわ||それ、お客さんに持っていきますね。||待っていました、とてもおいしそうです||美味しそうですね。いただきます。||これならきっとお客さまも喜んでくれるわ||それ、お客さんに持っていきますね。||待っていました、とてもおいしそうです||美味しそうですね。いただきます。||これならきっとお客さまも喜んでくれるわ||それ、お客さんに持っていきますね。||待っていました、とてもおいしそうです||美味しそうですね。いただきます。||これならきっとお客さまも喜んでくれるわ||それ、お客さんに持っていきますね。||待っていました、とてもおいしそうです	splitted_speech/pinmic/20230325-155017-589/40.html	splitted_speech/yoshino_original/20230325-155017-589/40.html
118	20230325-150539-579	342.wav	ヘイおまち	Yoshino	00000099/00099323.jpg	ヘイおまち	美味しそうですね。いただきます。||これならきっとお客さまも喜んでくれるわ||それ、お客さんに持っていきますね。||待っていました、とてもおいしそうです||美味しそうですね。いただきます。||これならきっとお客さまも喜んでくれるわ||それ、お客さんに持っていきますね。||待っていました、とてもおいしそうです||美味しそうですね。いただきます。||これならきっとお客さまも喜んでくれるわ||それ、お客さんに持っていきますね。||待っていました、とてもおいしそうです||美味しそうですね。いただきます。||これならきっとお客さまも喜んでくれるわ||それ、お客さんに持っていきますね。||待っていました、とてもおいしそうです	splitted_speech/pinmic/20230325-150539-579/342.html	splitted_speech/yoshino_original/20230325-150539-579/342.html
792	20230325-161026-551	846.wav	ヘイおまち	Kawano	00000099/00099323.jpg	ヘイおまち	美味しそうですね。いただきます。||これならきっとお客さまも喜んでくれるわ||それ、お客さんに持っていきますね。||待っていました、とてもおいしそうです||美味しそうですね。いただきます。||これならきっとお客さまも喜んでくれるわ||それ、お客さんに持っていきますね。||待っていました、とてもおいしそうです||美味しそうですね。いただきます。||これならきっとお客さまも喜んでくれるわ||それ、お客さんに持っていきますね。||待っていました、とてもおいしそうです||美味しそうですね。いただきます。||これならきっとお客さまも喜んでくれるわ||それ、お客さんに持っていきますね。||待っていました、とてもおいしそうです	splitted_speech/pinmic/20230325-161026-551/846.html	splitted_speech/kawano_original/20230325-161026-551/846.html
645	20230325-161026-551	644.wav	これテレビなの？私映るの？	Kawano	00000004/00004948.jpg	コレテレビなの？私映るの？	はい、映っていますよ。||放送されますよ||そうです。いい顔で笑って下さい。||はい、映っていますよ。||放送されますよ||そうです。いい顔で笑って下さい。	splitted_speech/pinmic/20230325-161026-551/644.html	splitted_speech/kawano_original/20230325-161026-551/644.html
284	20230325-150539-579	525.wav	これテレビなの？私映るの？	Yoshino	00000004/00004948.jpg	コレテレビなの？私映るの？	はい、映っていますよ。||放送されますよ||そうです。いい顔で笑って下さい。||はい、映っていますよ。||放送されますよ||そうです。いい顔で笑って下さい。	splitted_speech/pinmic/20230325-150539-579/525.html	splitted_speech/yoshino_original/20230325-150539-579/525.html
286	20230325-150539-579	527.wav	お前んち電子レンジあったか？	Yoshino	00000109/00109598.jpg	お前んち電子レンジあったか？	あるよ	splitted_speech/pinmic/20230325-150539-579/527.html	splitted_speech/yoshino_original/20230325-150539-579/527.html
635	20230325-161026-551	632.wav	焼きそば食べてかない？	Kawano	00000000/00000645.jpg	焼きそば食べてかない？	おいしそうなにおい、ひとつ下さい。||美味しそう！いただきます	splitted_speech/pinmic/20230325-161026-551/632.html	splitted_speech/kawano_original/20230325-161026-551/632.html
327	20230325-150539-579	573.wav	試料のセットももうすぐ終わります。	Yoshino	00000009/00009163.jpg	試料のセットもうすぐ終わります。	できたら教えて。||了解しました	splitted_speech/pinmic/20230325-150539-579/573.html	splitted_speech/yoshino_original/20230325-150539-579/573.html
377	20230325-155017-589	22.wav	ゲームで本格的なボウリング体験できるらしい。どんなものか試しているところだ。	Yoshino	00000018/00018187.jpg	ゲームで本格的なボウリングを体験できるらしい。どんなものか試しているところだ。	僕にもやらせてください||面白そうね||僕にもやらせてください||面白そうね||僕にもやらせてください||面白そうね	splitted_speech/pinmic/20230325-155017-589/22.html	splitted_speech/yoshino_original/20230325-155017-589/22.html
775	20230325-161026-551	827.wav	ゲームで本格的なーボウリングを体験できるらしい。どんなものか試してるところだ。	Kawano	00000018/00018187.jpg	ゲームで本格的なボウリングを体験できるらしい。どんなものか試しているところだ。	僕にもやらせてください||面白そうね||僕にもやらせてください||面白そうね||僕にもやらせてください||面白そうね	splitted_speech/pinmic/20230325-161026-551/827.html	splitted_speech/kawano_original/20230325-161026-551/827.html
101	20230325-150539-579	324.wav	ゲームで本格的なボウリングを体験できるらしい。どんなものか試しているところだ。	Yoshino	00000018/00018187.jpg	ゲームで本格的なボウリングを体験できるらしい。どんなものか試しているところだ。	僕にもやらせてください||面白そうね||僕にもやらせてください||面白そうね||僕にもやらせてください||面白そうね	splitted_speech/pinmic/20230325-150539-579/324.html	splitted_speech/yoshino_original/20230325-150539-579/324.html
610	20230325-161026-551	600.wav	食器洗い手伝うよ	Kawano	00000004/00004198.jpg	食器洗い手伝うよ？	ありがとうね||手伝ってくれて嬉しいよ。||ありがとうね||手伝ってくれて嬉しいよ。	splitted_speech/pinmic/20230325-161026-551/600.html	splitted_speech/kawano_original/20230325-161026-551/600.html
247	20230325-150539-579	488.wav	食器洗い手伝うよ？	Yoshino	00000004/00004198.jpg	食器洗い手伝うよ？	ありがとうね||手伝ってくれて嬉しいよ。||ありがとうね||手伝ってくれて嬉しいよ。	splitted_speech/pinmic/20230325-150539-579/488.html	splitted_speech/yoshino_original/20230325-150539-579/488.html
526	20230325-161026-551	486.wav	丸の位置に足を合わせるの？	Kawano	00000076/00076117.jpg	丸の位置に足を合わせるの？	じゃあ、君がやるのを見ているね。||そうだよ||じゃあ、君がやるのを見ているね。||そうだよ	splitted_speech/pinmic/20230325-161026-551/486.html	splitted_speech/kawano_original/20230325-161026-551/486.html
155	20230325-150539-579	383.wav	丸の位置に足を合わせるの？	Yoshino	00000076/00076117.jpg	丸の位置に足を合わせるの？	じゃあ、君がやるのを見ているね。||そうだよ||じゃあ、君がやるのを見ているね。||そうだよ	splitted_speech/pinmic/20230325-150539-579/383.html	splitted_speech/yoshino_original/20230325-150539-579/383.html
529	20230325-161026-551	491.wav	通路を塞いでしまってごめんなさい。	Kawano	00000012/00012601.jpg	通路を塞いでしまってごめんなさい。	ここらへんにテーブルはないの？||大丈夫、向こうを通りますよ||ここらへんにテーブルはないの？||大丈夫、向こうを通りますよ	splitted_speech/pinmic/20230325-161026-551/491.html	splitted_speech/kawano_original/20230325-161026-551/491.html
158	20230325-150539-579	388.wav	通路を塞いでしまってごめんなさい。	Yoshino	00000012/00012601.jpg	通路を塞いでしまってごめんなさい。	ここらへんにテーブルはないの？||大丈夫、向こうを通りますよ||ここらへんにテーブルはないの？||大丈夫、向こうを通りますよ	splitted_speech/pinmic/20230325-150539-579/388.html	splitted_speech/yoshino_original/20230325-150539-579/388.html
719	20230325-161026-551	760.wav	カップいっぱい有るね	Kawano	00000019/00019703.jpg	カップいっぱい有るね	ホントだね||ホントだね||ホントだね	splitted_speech/pinmic/20230325-161026-551/760.html	splitted_speech/kawano_original/20230325-161026-551/760.html
30	20230325-150539-579	252.wav	カップいっぱい有るね	Yoshino	00000019/00019703.jpg	カップいっぱい有るね	ホントだね||ホントだね||ホントだね	splitted_speech/pinmic/20230325-150539-579/252.html	splitted_speech/yoshino_original/20230325-150539-579/252.html
431	20230325-161026-551	337.wav	カップいっぱい有るね	Kawano	00000019/00019703.jpg	カップいっぱい有るね	ホントだね||ホントだね||ホントだね	splitted_speech/pinmic/20230325-161026-551/337.html	splitted_speech/kawano_original/20230325-161026-551/337.html
570	20230325-161026-551	552.wav	このパソコンだけソフトがインストールできなかったから、ちょっと見てくれないか？	Kawano	00000008/00008764.jpg	このパソコンだけソフトがインストールできなから、ちょっと見てくれないか？	わかりました、今見ますね。||了解しました。||今そっちに行くよ。||わかりました、見てみます。||そのパソコンだけ調子悪いんですか？	splitted_speech/pinmic/20230325-161026-551/552.html	splitted_speech/kawano_original/20230325-161026-551/552.html
215	20230325-150539-579	454.wav	本日の料理はダイエット向けの小食メニューです。	Yoshino	00000076/00076808.jpg	本日の料理はダイエット向けの小食メニューです。	おいしいの？||おいしいの？	splitted_speech/pinmic/20230325-150539-579/454.html	splitted_speech/yoshino_original/20230325-150539-579/454.html
580	20230325-161026-551	564.wav	本日の料理はダイエット向けのこくらメニューです。	Kawano	00000076/00076808.jpg	本日の料理はダイエット向けの小食メニューです。	おいしいの？||おいしいの？	splitted_speech/pinmic/20230325-161026-551/564.html	splitted_speech/kawano_original/20230325-161026-551/564.html
78	20230325-150539-579	300.wav	ソースはたっぷり掛けておくよ。	Yoshino	00000014/00014636.jpg	ソースはたっぷり掛けておくよ。	いつもありがとう、おじさん。||ありがとう！||いつもありがとう、おじさん。||ありがとう！	splitted_speech/pinmic/20230325-150539-579/300.html	splitted_speech/yoshino_original/20230325-150539-579/300.html
753	20230325-161026-551	800.wav	ソースはたっぷり掛けておくよ。	Kawano	00000014/00014636.jpg	ソースはたっぷり掛けておくよ。	いつもありがとう、おじさん。||ありがとう！||いつもありがとう、おじさん。||ありがとう！	splitted_speech/pinmic/20230325-161026-551/800.html	splitted_speech/kawano_original/20230325-161026-551/800.html
578	20230325-161026-551	560.wav	念入りにー散布しましょう。	Kawano	00000017/00017040.jpg	今日はタバコを何本吸ったか数えてみるよ。	タバコは健康によくないんだから程ほどにね||タバコは健康によくないんだから程ほどにね	splitted_speech/pinmic/20230325-161026-551/560.html	splitted_speech/kawano_original/20230325-161026-551/560.html
213	20230325-150539-579	452.wav	今日はタバコを何本吸ったか数えてみるよ。	Yoshino	00000017/00017040.jpg	今日はタバコを何本吸ったか数えてみるよ。	タバコは健康によくないんだから程ほどにね||タバコは健康によくないんだから程ほどにね	splitted_speech/pinmic/20230325-150539-579/452.html	splitted_speech/yoshino_original/20230325-150539-579/452.html
383	20230325-155017-589	28.wav	かしこく見える？	Yoshino	00000004/00004026.jpg	かしこく見える？	見えるよ||見えるよ||見えるよ||見えるよ	splitted_speech/pinmic/20230325-155017-589/28.html	splitted_speech/yoshino_original/20230325-155017-589/28.html
481	20230325-161026-551	424.wav	かしこく見える？	Kawano	00000004/00004026.jpg	かしこく見える？	見えるよ||見えるよ||見えるよ||見えるよ	splitted_speech/pinmic/20230325-161026-551/424.html	splitted_speech/kawano_original/20230325-161026-551/424.html
781	20230325-161026-551	833.wav	かしこく見える？	Kawano	00000004/00004026.jpg	かしこく見える？	見えるよ||見えるよ||見えるよ||見えるよ	splitted_speech/pinmic/20230325-161026-551/833.html	splitted_speech/kawano_original/20230325-161026-551/833.html
107	20230325-150539-579	330.wav	かしこく見える？	Yoshino	00000004/00004026.jpg	かしこく見える？	見えるよ||見えるよ||見えるよ||見えるよ	splitted_speech/pinmic/20230325-150539-579/330.html	splitted_speech/yoshino_original/20230325-150539-579/330.html
23	20230325-150539-579	245.wav	この化粧品、私似合うと思う？	Yoshino	00000041/00041218.jpg	この化粧品、私に似合うと思う？	うん、いい感じじゃない。||良いと思うよ||うん、いい感じじゃない。||良いと思うよ||うん、いい感じじゃない。||良いと思うよ	splitted_speech/pinmic/20230325-150539-579/245.html	splitted_speech/yoshino_original/20230325-150539-579/245.html
424	20230325-161026-551	330.wav	この化粧品、私に似合うと思う？	Kawano	00000041/00041218.jpg	この化粧品、私に似合うと思う？	うん、いい感じじゃない。||良いと思うよ||うん、いい感じじゃない。||良いと思うよ||うん、いい感じじゃない。||良いと思うよ	splitted_speech/pinmic/20230325-161026-551/330.html	splitted_speech/kawano_original/20230325-161026-551/330.html
712	20230325-161026-551	752.wav	この化粧品、私に似合うと思う？	Kawano	00000041/00041218.jpg	この化粧品、私に似合うと思う？	うん、いい感じじゃない。||良いと思うよ||うん、いい感じじゃない。||良いと思うよ||うん、いい感じじゃない。||良いと思うよ	splitted_speech/pinmic/20230325-161026-551/752.html	splitted_speech/kawano_original/20230325-161026-551/752.html
739	20230325-161026-551	781.wav	私の後姿、どう？	Kawano	00000077/00077738.jpg	私の後姿、どう？	そうだね||そうだね||そうだね	splitted_speech/pinmic/20230325-161026-551/781.html	splitted_speech/kawano_original/20230325-161026-551/781.html
447	20230325-161026-551	363.wav	私の後姿、どう？	Kawano	00000077/00077738.jpg	私の後姿、どう？	そうだね||そうだね||そうだね	splitted_speech/pinmic/20230325-161026-551/363.html	splitted_speech/kawano_original/20230325-161026-551/363.html
341	20230325-154844-077	4.wav	私の後姿、どう？	Yoshino	00000077/00077738.jpg	私の後姿、どう？	そうだね||そうだね||そうだね	splitted_speech/pinmic/20230325-154844-077/4.html	splitted_speech/yoshino_original/20230325-154844-077/4.html
250	20230325-150539-579	491.wav	美味しそうな匂いがしてきたでしょ？	Yoshino	00000015/00015315.jpg	美味しそうな匂いがしてきたでしょ？	お皿だすね||お皿だすね	splitted_speech/pinmic/20230325-150539-579/491.html	splitted_speech/yoshino_original/20230325-150539-579/491.html
613	20230325-161026-551	605.wav	美味しそうな匂いがしてきたでしょ？	Kawano	00000015/00015315.jpg	美味しそうな匂いがしてきたでしょ？	お皿だすね||お皿だすね	splitted_speech/pinmic/20230325-161026-551/605.html	splitted_speech/kawano_original/20230325-161026-551/605.html
323	20230325-150539-579	567.wav	この髪型はどう？もっと動いた方が良さが伝わるかしら。	Yoshino	00000037/00037702.jpg	この髪型はどう？もっと動いた方が良さが伝わるかしら。	ちょっとかき上げてもらえるかな	splitted_speech/pinmic/20230325-150539-579/567.html	splitted_speech/yoshino_original/20230325-150539-579/567.html
525	20230325-161026-551	485.wav	この黄色いローブって何に使うんですか？	Kawano	00000048/00048532.jpg	この黄色いロープって何に使うんですか？	手を離して||手を離して	splitted_speech/pinmic/20230325-161026-551/485.html	splitted_speech/kawano_original/20230325-161026-551/485.html
154	20230325-150539-579	382.wav	この黄色いロープって何に使うんですか？	Yoshino	00000048/00048532.jpg	この黄色いロープって何に使うんですか？	手を離して||手を離して	splitted_speech/pinmic/20230325-150539-579/382.html	splitted_speech/yoshino_original/20230325-150539-579/382.html
423	20230325-161026-551	329.wav	ビールは僕がついであげるよ。	Kawano	00000002/00002891.jpg	ビールは僕がついであげるよ。	ありがとう、息子に注いで貰った酒は美味しいね。||こぼさないように||ありがとう、息子に注いで貰った酒は美味しいね。||こぼさないように||ありがとう、息子に注いで貰った酒は美味しいね。||こぼさないように	splitted_speech/pinmic/20230325-161026-551/329.html	splitted_speech/kawano_original/20230325-161026-551/329.html
711	20230325-161026-551	751.wav	ビールは僕がついであげるよ。	Kawano	00000002/00002891.jpg	ビールは僕がついであげるよ。	ありがとう、息子に注いで貰った酒は美味しいね。||こぼさないように||ありがとう、息子に注いで貰った酒は美味しいね。||こぼさないように||ありがとう、息子に注いで貰った酒は美味しいね。||こぼさないように	splitted_speech/pinmic/20230325-161026-551/751.html	splitted_speech/kawano_original/20230325-161026-551/751.html
22	20230325-150539-579	244.wav	ビールは僕がついであげるよ。	Yoshino	00000002/00002891.jpg	ビールは僕がついであげるよ。	ありがとう、息子に注いで貰った酒は美味しいね。||こぼさないように||ありがとう、息子に注いで貰った酒は美味しいね。||こぼさないように||ありがとう、息子に注いで貰った酒は美味しいね。||こぼさないように	splitted_speech/pinmic/20230325-150539-579/244.html	splitted_speech/yoshino_original/20230325-150539-579/244.html
596	20230325-161026-551	583.wav	ここに植えればいいの?	Kawano	00000002/00002025.jpg	ここに植えればいいの?	はい、間隔を開けながら植えてくださいね。||そこでいいよ	splitted_speech/pinmic/20230325-161026-551/583.html	splitted_speech/kawano_original/20230325-161026-551/583.html
604	20230325-161026-551	594.wav	デザートにはこのスイカをお持ちします。	Kawano	00000097/00097694.jpg	デザートにはこのスイカをお持ちします。	ありがとうございます||スイカとは珍しいね	splitted_speech/pinmic/20230325-161026-551/594.html	splitted_speech/kawano_original/20230325-161026-551/594.html
534	20230325-161026-551	503.wav	みんなの昼ごはんを写真に撮ろうよ。	Kawano	00000012/00012555.jpg	みんなの昼ごはんを写真に撮ろうよ。	じゃ撮るよ。||写しますよ	splitted_speech/pinmic/20230325-161026-551/503.html	splitted_speech/kawano_original/20230325-161026-551/503.html
265	20230325-150539-579	506.wav	胸の事はほっといて下さい。セクハラですよ。	Yoshino	00000089/00089130.jpg	胸の事はほっといて下さい。セクハラですよ。	そういうわけじゃないです。	splitted_speech/pinmic/20230325-150539-579/506.html	splitted_speech/yoshino_original/20230325-150539-579/506.html
294	20230325-150539-579	535.wav	チアーズ！	Yoshino	00000097/00097598.jpg	チアーズ！	乾杯||チアーズ||チアーズ！||チアーズ！||乾杯||チアーズ||チアーズ！||チアーズ！	splitted_speech/pinmic/20230325-150539-579/535.html	splitted_speech/yoshino_original/20230325-150539-579/535.html
652	20230325-161026-551	657.wav	チアーズ！	Kawano	00000097/00097598.jpg	チアーズ！	乾杯||チアーズ||チアーズ！||チアーズ！||乾杯||チアーズ||チアーズ！||チアーズ！	splitted_speech/pinmic/20230325-161026-551/657.html	splitted_speech/kawano_original/20230325-161026-551/657.html
336	20230325-150539-579	582.wav	この雑貨は新しく入荷したものですか？	Yoshino	00000068/00068283.jpg	この雑貨は新しく入荷したものですか？	変わってますね||変わってますね	splitted_speech/pinmic/20230325-150539-579/582.html	splitted_speech/yoshino_original/20230325-150539-579/582.html
688	20230325-161026-551	717.wav	その雑貨は新しく入荷したものですか？	Kawano	00000068/00068283.jpg	この雑貨は新しく入荷したものですか？	変わってますね||変わってますね	splitted_speech/pinmic/20230325-161026-551/717.html	splitted_speech/kawano_original/20230325-161026-551/717.html
368	20230325-155017-589	13.wav	ぼく今大工だから、ドリルで穴をあける仕事をしてるの。	Yoshino	00000092/00092607.jpg	ぼく今大工さんだから、ドリルで穴をあける仕事してるの。	かわいい大工さんね||上手だね||そうなんだ。||かわいい大工さんね||上手だね||そうなんだ。||かわいい大工さんね||上手だね||そうなんだ。	splitted_speech/pinmic/20230325-155017-589/13.html	splitted_speech/yoshino_original/20230325-155017-589/13.html
92	20230325-150539-579	314.wav	ぼく今大工さんだから、ドリルで穴をあける仕事してるの。	Yoshino	00000092/00092607.jpg	ぼく今大工さんだから、ドリルで穴をあける仕事してるの。	かわいい大工さんね||上手だね||そうなんだ。||かわいい大工さんね||上手だね||そうなんだ。||かわいい大工さんね||上手だね||そうなんだ。	splitted_speech/pinmic/20230325-150539-579/314.html	splitted_speech/yoshino_original/20230325-150539-579/314.html
468	20230325-161026-551	405.wav	ドリルで穴をあける仕事をしてるの。	Kawano	00000092/00092607.jpg	ぼく今大工さんだから、ドリルで穴をあける仕事してるの。	かわいい大工さんね||上手だね||そうなんだ。||かわいい大工さんね||上手だね||そうなんだ。||かわいい大工さんね||上手だね||そうなんだ。	splitted_speech/pinmic/20230325-161026-551/405.html	splitted_speech/kawano_original/20230325-161026-551/405.html
333	20230325-150539-579	579.wav	冬に備えて、断熱加工は徹底的にやっておきます。	Yoshino	00000030/00030937.jpg	冬に備えて、断熱加工は徹底的にやっておきます。	断熱シートを貼るの手伝うよ。	splitted_speech/pinmic/20230325-150539-579/579.html	splitted_speech/yoshino_original/20230325-150539-579/579.html
198	20230325-150539-579	432.wav	ふんわり浮いている感じで頼むよ	Yoshino	00000019/00019240.jpg	ふんわり浮いている感じで頼むよ	わかったよ。||浮いて見えるよ。	splitted_speech/pinmic/20230325-150539-579/432.html	splitted_speech/yoshino_original/20230325-150539-579/432.html
168	20230325-150539-579	399.wav	今日も私のトーク聴いてくれてありがとう。	Yoshino	00000088/00088214.jpg	今日も私のトーク聴いてくれてありがとう。	素敵なお話有難う御座います。	splitted_speech/pinmic/20230325-150539-579/399.html	splitted_speech/yoshino_original/20230325-150539-579/399.html
721	20230325-161026-551	762.wav	イヤー、全部消しちゃったわー?	Kawano	00000110/00110428.jpg	イヤー、全部消しちゃったわ‼	どんな操作をしたの。||参ったね||アンドゥすればパソコンに打ち込んだ内容が再現されるかもしれませんよ。	splitted_speech/pinmic/20230325-161026-551/762.html	splitted_speech/kawano_original/20230325-161026-551/762.html
231	20230325-150539-579	471.wav	こうやって揺すって確認するんだ。	Yoshino	00000049/00049921.jpg	こうやって揺すって確認するんだ。	点検をしっかりしないと危ないですからね。||わかったよ	splitted_speech/pinmic/20230325-150539-579/471.html	splitted_speech/yoshino_original/20230325-150539-579/471.html
422	20230325-161026-551	328.wav	少しオマケしておくよ。	Kawano	00000008/00008501.jpg	少しオマケしておくよ。	ありがとね！	splitted_speech/pinmic/20230325-161026-551/328.html	splitted_speech/kawano_original/20230325-161026-551/328.html
785	20230325-161026-551	837.wav	キャディーさんは写さなくても良くないですか?	Kawano	00000069/00069055.jpg	キャディーさんは写さなくても良くないですか?	写ってしまうからねえ。||写ってしまうからねえ。	splitted_speech/pinmic/20230325-161026-551/837.html	splitted_speech/kawano_original/20230325-161026-551/837.html
485	20230325-161026-551	428.wav	キャディーさんは写さなくても良くないですか?	Kawano	00000069/00069055.jpg	キャディーさんは写さなくても良くないですか?	写ってしまうからねえ。||写ってしまうからねえ。	splitted_speech/pinmic/20230325-161026-551/428.html	splitted_speech/kawano_original/20230325-161026-551/428.html
357	20230325-155017-589	2.wav	はかりますね。	Yoshino	00000057/00057107.jpg	はかりますね。	測っている容器が変わった形だね。||測っている容器が変わった形だね。||測っている容器が変わった形だね。	splitted_speech/pinmic/20230325-155017-589/2.html	splitted_speech/yoshino_original/20230325-155017-589/2.html
81	20230325-150539-579	303.wav	はかりますね。	Yoshino	00000057/00057107.jpg	はかりますね。	測っている容器が変わった形だね。||測っている容器が変わった形だね。||測っている容器が変わった形だね。	splitted_speech/pinmic/20230325-150539-579/303.html	splitted_speech/yoshino_original/20230325-150539-579/303.html
756	20230325-161026-551	803.wav	はかりますね。	Kawano	00000057/00057107.jpg	はかりますね。	測っている容器が変わった形だね。||測っている容器が変わった形だね。||測っている容器が変わった形だね。	splitted_speech/pinmic/20230325-161026-551/803.html	splitted_speech/kawano_original/20230325-161026-551/803.html
86	20230325-150539-579	308.wav	僕がＤＪをやらせていただきます。	Yoshino	00000084/00084640.jpg	僕がＤＪをやらせていただきます。	イエイ、頑張って||イエイ、頑張って||イエイ、頑張って	splitted_speech/pinmic/20230325-150539-579/308.html	splitted_speech/yoshino_original/20230325-150539-579/308.html
464	20230325-161026-551	395.wav	僕がＤＪをやらせていただきます。	Kawano	00000084/00084640.jpg	僕がＤＪをやらせていただきます。	イエイ、頑張って||イエイ、頑張って||イエイ、頑張って	splitted_speech/pinmic/20230325-161026-551/395.html	splitted_speech/kawano_original/20230325-161026-551/395.html
362	20230325-155017-589	7.wav	僕がＤＪをやらせていただきます。	Yoshino	00000084/00084640.jpg	僕がＤＪをやらせていただきます。	イエイ、頑張って||イエイ、頑張って||イエイ、頑張って	splitted_speech/pinmic/20230325-155017-589/7.html	splitted_speech/yoshino_original/20230325-155017-589/7.html
793	20230325-161026-551	847.wav	お皿を洗うから明日は海に連れていってね。	Kawano	00000004/00004190.jpg	お皿を洗うから明日は海に連れていってね。	いいよ、その代わりしっかり洗ってね。||いいよ、その代わりしっかり洗ってね。	splitted_speech/pinmic/20230325-161026-551/847.html	splitted_speech/kawano_original/20230325-161026-551/847.html
396	20230325-155017-589	41.wav	お皿を洗うから明日は海に連れていってね。	Yoshino	00000004/00004190.jpg	お皿を洗うから明日は海に連れていってね。	いいよ、その代わりしっかり洗ってね。||いいよ、その代わりしっかり洗ってね。	splitted_speech/pinmic/20230325-155017-589/41.html	splitted_speech/yoshino_original/20230325-155017-589/41.html
31	20230325-150539-579	253.wav	表面が焼けたんでコショウをかけます	Yoshino	00000099/00099037.jpg	表面が焼けたのでコショウをかけます	加減は目分量ですか？||そろそろ出来上がりですね。||加減は目分量ですか？||そろそろ出来上がりですね。	splitted_speech/pinmic/20230325-150539-579/253.html	splitted_speech/yoshino_original/20230325-150539-579/253.html
432	20230325-161026-551	338.wav	表面が焼けたのでコショウをかけます	Kawano	00000099/00099037.jpg	表面が焼けたのでコショウをかけます	加減は目分量ですか？||そろそろ出来上がりですね。||加減は目分量ですか？||そろそろ出来上がりですね。	splitted_speech/pinmic/20230325-161026-551/338.html	splitted_speech/kawano_original/20230325-161026-551/338.html
199	20230325-150539-579	434.wav	ちょっと。こんな高そうなレストラン来て大丈夫なの？	Yoshino	00000097/00097732.jpg	ちょっと。こんな高そうなレストラン来て大丈夫なの？	給料日だから大丈夫	splitted_speech/pinmic/20230325-150539-579/434.html	splitted_speech/yoshino_original/20230325-150539-579/434.html
365	20230325-155017-589	10.wav	ドーナツ食べる？	Yoshino	00000017/00017755.jpg	ドーナッツ食べる？	一口、頂戴||大きいドーナッツだね。||一口、頂戴||大きいドーナッツだね。||一口、頂戴||大きいドーナッツだね。	splitted_speech/pinmic/20230325-155017-589/10.html	splitted_speech/yoshino_original/20230325-155017-589/10.html
89	20230325-150539-579	311.wav	ドーナッツ食べる？	Yoshino	00000017/00017755.jpg	ドーナッツ食べる？	一口、頂戴||大きいドーナッツだね。||一口、頂戴||大きいドーナッツだね。||一口、頂戴||大きいドーナッツだね。	splitted_speech/pinmic/20230325-150539-579/311.html	splitted_speech/yoshino_original/20230325-150539-579/311.html
764	20230325-161026-551	811.wav	ドーナツ食べる？	Kawano	00000017/00017755.jpg	ドーナッツ食べる？	一口、頂戴||大きいドーナッツだね。||一口、頂戴||大きいドーナッツだね。||一口、頂戴||大きいドーナッツだね。	splitted_speech/pinmic/20230325-161026-551/811.html	splitted_speech/kawano_original/20230325-161026-551/811.html
486	20230325-161026-551	433.wav	ドリンク注いでいます。	Kawano	00000056/00056236.jpg	今、ドリンク注いでます。	はーい||はーい||はーい||はーい	splitted_speech/pinmic/20230325-161026-551/433.html	splitted_speech/kawano_original/20230325-161026-551/433.html
787	20230325-161026-551	841.wav	今、ドリンクに注いでいます。	Kawano	00000056/00056236.jpg	今、ドリンク注いでます。	はーい||はーい||はーい||はーい	splitted_speech/pinmic/20230325-161026-551/841.html	splitted_speech/kawano_original/20230325-161026-551/841.html
390	20230325-155017-589	35.wav	今、ドリンクを注いでます。	Yoshino	00000056/00056236.jpg	今、ドリンク注いでます。	はーい||はーい||はーい||はーい	splitted_speech/pinmic/20230325-155017-589/35.html	splitted_speech/yoshino_original/20230325-155017-589/35.html
113	20230325-150539-579	337.wav	今、ドリンクを注いでます。	Yoshino	00000056/00056236.jpg	今、ドリンク注いでます。	はーい||はーい||はーい||はーい	splitted_speech/pinmic/20230325-150539-579/337.html	splitted_speech/yoshino_original/20230325-150539-579/337.html
594	20230325-161026-551	579.wav	イスの配置はこのあたりでよいのかしら？	Kawano	00000022/00022083.jpg	イスの配置はこのあたりでよいかしら？	そうだね	splitted_speech/pinmic/20230325-161026-551/579.html	splitted_speech/kawano_original/20230325-161026-551/579.html
428	20230325-161026-551	334.wav	あなたも飲むでしょ？コップを頂戴。	Kawano	00000002/00002929.jpg	あなたも飲むでしょ？コップを頂戴。	手際がいいね。||おいしそうな飲み物だね頂くよ||取ってくるよ||手際がいいね。||おいしそうな飲み物だね頂くよ||取ってくるよ	splitted_speech/pinmic/20230325-161026-551/334.html	splitted_speech/kawano_original/20230325-161026-551/334.html
716	20230325-161026-551	757.wav	あなたも飲むでしょ？コップを頂戴。	Kawano	00000002/00002929.jpg	あなたも飲むでしょ？コップを頂戴。	手際がいいね。||おいしそうな飲み物だね頂くよ||取ってくるよ||手際がいいね。||おいしそうな飲み物だね頂くよ||取ってくるよ	splitted_speech/pinmic/20230325-161026-551/757.html	splitted_speech/kawano_original/20230325-161026-551/757.html
72	20230325-150539-579	294.wav	このカップケーキの飾り付け、お願いね。	Yoshino	00000032/00032338.jpg	このカップケーキの飾り付け、お願いね。	私がしっかりやります。||そんなの私には無理です。||私がしっかりやります。||そんなの私には無理です。||私がしっかりやります。||そんなの私には無理です。	splitted_speech/pinmic/20230325-150539-579/294.html	splitted_speech/yoshino_original/20230325-150539-579/294.html
351	20230325-154844-077	16.wav	このカップケーキの飾り付け、お願いね。	Yoshino	00000032/00032338.jpg	このカップケーキの飾り付け、お願いね。	私がしっかりやります。||そんなの私には無理です。||私がしっかりやります。||そんなの私には無理です。||私がしっかりやります。||そんなの私には無理です。	splitted_speech/pinmic/20230325-154844-077/16.html	splitted_speech/yoshino_original/20230325-154844-077/16.html
749	20230325-161026-551	792.wav	このカップケーキの飾り付け、お願いね。	Kawano	00000032/00032338.jpg	このカップケーキの飾り付け、お願いね。	私がしっかりやります。||そんなの私には無理です。||私がしっかりやります。||そんなの私には無理です。||私がしっかりやります。||そんなの私には無理です。	splitted_speech/pinmic/20230325-161026-551/792.html	splitted_speech/kawano_original/20230325-161026-551/792.html
77	20230325-150539-579	299.wav	赤は赤、緑は緑に入れたよ	Yoshino	00000076/00076335.jpg	赤は赤、緑は緑に入れたよ	すばらしいわね	splitted_speech/pinmic/20230325-150539-579/299.html	splitted_speech/yoshino_original/20230325-150539-579/299.html
361	20230325-155017-589	6.wav	カメラ係りをありがとう。	Yoshino	00000072/00072666.jpg	カメラ係りありがとう。	二人ともいい表情ですよ！||どういたしまして、お役に立ててうれしいです。||写真撮影なら任せてください。	splitted_speech/pinmic/20230325-155017-589/6.html	splitted_speech/yoshino_original/20230325-155017-589/6.html
96	20230325-150539-579	318.wav	予習しているから静かにしていて。	Yoshino	00000003/00003009.jpg	予習してるから静かにしてて。	ごめんなさい。後で出直します。||了解しました。	splitted_speech/pinmic/20230325-150539-579/318.html	splitted_speech/yoshino_original/20230325-150539-579/318.html
640	20230325-161026-551	637.wav	採取した組織を顕微鏡で観察します。	Kawano	00000002/00002229.jpg	採取した組織を顕微鏡で観察します。	何か分かりましたか？||何が見えるのですか？||どんな組織なのか、私も見たいです。||何か分かりましたか？||何が見えるのですか？||どんな組織なのか、私も見たいです。	splitted_speech/pinmic/20230325-161026-551/637.html	splitted_speech/kawano_original/20230325-161026-551/637.html
278	20230325-150539-579	519.wav	採取した組織を顕微鏡で観察します。	Yoshino	00000002/00002229.jpg	採取した組織を顕微鏡で観察します。	何か分かりましたか？||何が見えるのですか？||どんな組織なのか、私も見たいです。||何か分かりましたか？||何が見えるのですか？||どんな組織なのか、私も見たいです。	splitted_speech/pinmic/20230325-150539-579/519.html	splitted_speech/yoshino_original/20230325-150539-579/519.html
281	20230325-150539-579	522.wav	上手に弾けてるでしょ？	Yoshino	00000086/00086217.jpg	上手に弾けているでしょ？	毎日練習してるんだね。||毎日練習してるんだね。	splitted_speech/pinmic/20230325-150539-579/522.html	splitted_speech/yoshino_original/20230325-150539-579/522.html
643	20230325-161026-551	640.wav	上手に弾けているでしょ？	Kawano	00000086/00086217.jpg	上手に弾けているでしょ？	毎日練習してるんだね。||毎日練習してるんだね。	splitted_speech/pinmic/20230325-161026-551/640.html	splitted_speech/kawano_original/20230325-161026-551/640.html
393	20230325-155017-589	38.wav	んー、そうだねぇ	Yoshino	00000018/00018310.jpg	んー、そうだねぇ	どうでしょうか。||どうですか、確認お願いします。||どうでしょうか。||どうですか、確認お願いします。	splitted_speech/pinmic/20230325-155017-589/38.html	splitted_speech/yoshino_original/20230325-155017-589/38.html
116	20230325-150539-579	340.wav	んー、そうだねぇ	Yoshino	00000018/00018310.jpg	んー、そうだねぇ	どうでしょうか。||どうですか、確認お願いします。||どうでしょうか。||どうですか、確認お願いします。	splitted_speech/pinmic/20230325-150539-579/340.html	splitted_speech/yoshino_original/20230325-150539-579/340.html
628	20230325-161026-551	623.wav	しっかりつかまっていろよ！	Kawano	00000095/00095389.jpg	しっかりつかまっていろよ！	はい、そうします||はい、そうします	splitted_speech/pinmic/20230325-161026-551/623.html	splitted_speech/kawano_original/20230325-161026-551/623.html
266	20230325-150539-579	507.wav	しっかりつかまってろよ！	Yoshino	00000095/00095389.jpg	しっかりつかまっていろよ！	はい、そうします||はい、そうします	splitted_speech/pinmic/20230325-150539-579/507.html	splitted_speech/yoshino_original/20230325-150539-579/507.html
703	20230325-161026-551	743.wav	一息つきましたね。	Kawano	00000056/00056276.jpg	一息つきましたね。	一息ついたら、また作業に戻ろうか。||食後のコーヒーは落ち着くな	splitted_speech/pinmic/20230325-161026-551/743.html	splitted_speech/kawano_original/20230325-161026-551/743.html
54	20230325-150539-579	276.wav	今日の昼食はピザだよ。	Yoshino	00000018/00018000.jpg	今日の昼食はピザだよ。	おいしそうだね、私にも一枚くださいよ。||おいしそうだね、私にも一枚くださいよ。||おいしそうだね、私にも一枚くださいよ。||おいしそうだね、私にも一枚くださいよ。	splitted_speech/pinmic/20230325-150539-579/276.html	splitted_speech/yoshino_original/20230325-150539-579/276.html
440	20230325-161026-551	354.wav	今日の昼食はピザだよ。	Kawano	00000018/00018000.jpg	今日の昼食はピザだよ。	おいしそうだね、私にも一枚くださいよ。||おいしそうだね、私にも一枚くださいよ。||おいしそうだね、私にも一枚くださいよ。||おいしそうだね、私にも一枚くださいよ。	splitted_speech/pinmic/20230325-161026-551/354.html	splitted_speech/kawano_original/20230325-161026-551/354.html
731	20230325-161026-551	773.wav	今日の昼食はピザだよ。	Kawano	00000018/00018000.jpg	今日の昼食はピザだよ。	おいしそうだね、私にも一枚くださいよ。||おいしそうだね、私にも一枚くださいよ。||おいしそうだね、私にも一枚くださいよ。||おいしそうだね、私にも一枚くださいよ。	splitted_speech/pinmic/20230325-161026-551/773.html	splitted_speech/kawano_original/20230325-161026-551/773.html
42	20230325-150539-579	264.wav	今日の昼食はピザだよ。	Yoshino	00000018/00018000.jpg	今日の昼食はピザだよ。	おいしそうだね、私にも一枚くださいよ。||おいしそうだね、私にも一枚くださいよ。||おいしそうだね、私にも一枚くださいよ。||おいしそうだね、私にも一枚くださいよ。	splitted_speech/pinmic/20230325-150539-579/264.html	splitted_speech/yoshino_original/20230325-150539-579/264.html
748	20230325-161026-551	791.wav	私のマグカップどこにあるか知りませんか？このカップケーキの飾り付け、お願いね。	Kawano	00000049/00049928.jpg	私のマグカップどこにあるか知りませんか？	できますか||できますか||できますか	splitted_speech/pinmic/20230325-161026-551/791.html	splitted_speech/kawano_original/20230325-161026-551/791.html
350	20230325-154844-077	15.wav	私のマグカップどこにあるか知りませんか？	Yoshino	00000049/00049928.jpg	私のマグカップどこにあるか知りませんか？	できますか||できますか||できますか	splitted_speech/pinmic/20230325-154844-077/15.html	splitted_speech/yoshino_original/20230325-154844-077/15.html
453	20230325-161026-551	376.wav	私のマグカップどこにあるか知りませんか？	Kawano	00000049/00049928.jpg	私のマグカップどこにあるか知りませんか？	できますか||できますか||できますか	splitted_speech/pinmic/20230325-161026-551/376.html	splitted_speech/kawano_original/20230325-161026-551/376.html
352	20230325-154844-077	17.wav	今日は、お疲れ様でした。	Yoshino	00000052/00052378.jpg	今日は、お疲れ様でした。	じゃあ、お先に失礼します。||お疲れさまでした。||じゃあ、お先に失礼します。||お疲れさまでした。	splitted_speech/pinmic/20230325-154844-077/17.html	splitted_speech/yoshino_original/20230325-154844-077/17.html
73	20230325-150539-579	295.wav	今日は、お疲れ様でした。	Yoshino	00000052/00052378.jpg	今日は、お疲れ様でした。	じゃあ、お先に失礼します。||お疲れさまでした。||じゃあ、お先に失礼します。||お疲れさまでした。	splitted_speech/pinmic/20230325-150539-579/295.html	splitted_speech/yoshino_original/20230325-150539-579/295.html
762	20230325-161026-551	809.wav	あと何個分刻めばいいの？	Kawano	00000008/00008810.jpg	あと何個分刻めばいいの？	そこにある分すべて刻んでください。||そこにある分すべて刻んでください。||そこにある分すべて刻んでください。	splitted_speech/pinmic/20230325-161026-551/809.html	splitted_speech/kawano_original/20230325-161026-551/809.html
363	20230325-155017-589	8.wav	あと何個分刻めばいいの？	Yoshino	00000008/00008810.jpg	あと何個分刻めばいいの？	そこにある分すべて刻んでください。||そこにある分すべて刻んでください。||そこにある分すべて刻んでください。	splitted_speech/pinmic/20230325-155017-589/8.html	splitted_speech/yoshino_original/20230325-155017-589/8.html
465	20230325-161026-551	396.wav	あと何個分刻めばいいの？	Kawano	00000008/00008810.jpg	あと何個分刻めばいいの？	そこにある分すべて刻んでください。||そこにある分すべて刻んでください。||そこにある分すべて刻んでください。	splitted_speech/pinmic/20230325-161026-551/396.html	splitted_speech/kawano_original/20230325-161026-551/396.html
208	20230325-150539-579	445.wav	文化祭に何をするか話合いましょ。	Yoshino	00000028/00028443.jpg	文化祭に何をするか話合いましょ。	そうだね、文化祭で何かやりたいことはある？	splitted_speech/pinmic/20230325-150539-579/445.html	splitted_speech/yoshino_original/20230325-150539-579/445.html
367	20230325-155017-589	12.wav	さぁ、これでできあがり。お待たせしました。	Yoshino	00000099/00099976.jpg	さぁ、これでできあがり。お待たせしました。	待ちくたびれたよー||待ってました。||待ちくたびれたよー||待ってました。	splitted_speech/pinmic/20230325-155017-589/12.html	splitted_speech/yoshino_original/20230325-155017-589/12.html
766	20230325-161026-551	815.wav	さぁ、これでできあがり。お待たせしました。	Kawano	00000099/00099976.jpg	さぁ、これでできあがり。お待たせしました。	待ちくたびれたよー||待ってました。||待ちくたびれたよー||待ってました。	splitted_speech/pinmic/20230325-161026-551/815.html	splitted_speech/kawano_original/20230325-161026-551/815.html
515	20230325-161026-551	472.wav	どこで料理の勉強をしたかって？	Kawano	00000066/00066840.jpg	どこで料理の勉強したかって？「服部幸應専門学校」だよ？知ってるだろ？有名だもんな。	服部幸應専門学校出身ならその腕前も納得ですね。	splitted_speech/pinmic/20230325-161026-551/472.html	splitted_speech/kawano_original/20230325-161026-551/472.html
10	20230325-150539-579	232.wav	雨の中待ってるのに連絡が取れないの。	Yoshino	00000008/00008176.jpg	雨の中待ってるのに連絡が取れないの。	外は雨だから待ち合わせ場所が変わってたりしないですか？||外は雨だから待ち合わせ場所が変わってたりしないですか？	splitted_speech/pinmic/20230325-150539-579/232.html	splitted_speech/yoshino_original/20230325-150539-579/232.html
411	20230325-161026-551	317.wav	雨の中待ってるのに連絡が取れないの。	Kawano	00000008/00008176.jpg	雨の中待ってるのに連絡が取れないの。	外は雨だから待ち合わせ場所が変わってたりしないですか？||外は雨だから待ち合わせ場所が変わってたりしないですか？	splitted_speech/pinmic/20230325-161026-551/317.html	splitted_speech/kawano_original/20230325-161026-551/317.html
718	20230325-161026-551	759.wav	ワゴンセールのものを何冊か買うけど、あなたはいらないの？	Kawano	00000007/00007071.jpg	ワゴンセールのものを何冊か買うけど、あなたはいらないの？	私も買ってみようかな。||私も買ってみようかな。||私も買ってみようかな。	splitted_speech/pinmic/20230325-161026-551/759.html	splitted_speech/kawano_original/20230325-161026-551/759.html
29	20230325-150539-579	251.wav	ワゴンセールのものを何冊か買うけど、あなたいらないの？	Yoshino	00000007/00007071.jpg	ワゴンセールのものを何冊か買うけど、あなたはいらないの？	私も買ってみようかな。||私も買ってみようかな。||私も買ってみようかな。	splitted_speech/pinmic/20230325-150539-579/251.html	splitted_speech/yoshino_original/20230325-150539-579/251.html
430	20230325-161026-551	336.wav	ワゴンセールのものを何冊か買うけど、あなたはいらないの？	Kawano	00000007/00007071.jpg	ワゴンセールのものを何冊か買うけど、あなたはいらないの？	私も買ってみようかな。||私も買ってみようかな。||私も買ってみようかな。	splitted_speech/pinmic/20230325-161026-551/336.html	splitted_speech/kawano_original/20230325-161026-551/336.html
521	20230325-161026-551	481.wav	飛びます跳びます	Kawano	00000101/00101985.jpg	飛びます跳びます	ははは。	splitted_speech/pinmic/20230325-161026-551/481.html	splitted_speech/kawano_original/20230325-161026-551/481.html
235	20230325-150539-579	475.wav	本物そっくりでしょう	Yoshino	00000029/00029177.jpg	本物そっくりでしょ	すごいね||すごいね	splitted_speech/pinmic/20230325-150539-579/475.html	splitted_speech/yoshino_original/20230325-150539-579/475.html
598	20230325-161026-551	587.wav	本物そっくりでしょ	Kawano	00000029/00029177.jpg	本物そっくりでしょ	すごいね||すごいね	splitted_speech/pinmic/20230325-161026-551/587.html	splitted_speech/kawano_original/20230325-161026-551/587.html
210	20230325-150539-579	447.wav	走りますね。	Yoshino	00000114/00114038.jpg	走りますね。	いい記録に向かって頑張ってよ！||ここで記録をとっています。||いい記録に向かって頑張ってよ！||ここで記録をとっています。	splitted_speech/pinmic/20230325-150539-579/447.html	splitted_speech/yoshino_original/20230325-150539-579/447.html
575	20230325-161026-551	557.wav	走りますね。	Kawano	00000114/00114038.jpg	走りますね。	いい記録に向かって頑張ってよ！||ここで記録をとっています。||いい記録に向かって頑張ってよ！||ここで記録をとっています。	splitted_speech/pinmic/20230325-161026-551/557.html	splitted_speech/kawano_original/20230325-161026-551/557.html
591	20230325-161026-551	576.wav	すみませんが、研究室では撮影するのはご遠慮ください。	Kawano	00000002/00002283.jpg	すみませんが、研究室では撮影するのはご遠慮ください。	分かりました、撮影はやめておきます。||わかりました。||撮影はやめることにします。	splitted_speech/pinmic/20230325-161026-551/576.html	splitted_speech/kawano_original/20230325-161026-551/576.html
506	20230325-161026-551	462.wav	もう2cmほど削ったほうがいいな。	Kawano	00000059/00059391.jpg	もう2cmほど削ったほうがいいな。	分かりました。やってみます。||微妙ですね||何か必要ですか？||分かりました。やってみます。||微妙ですね||何か必要ですか？	splitted_speech/pinmic/20230325-161026-551/462.html	splitted_speech/kawano_original/20230325-161026-551/462.html
136	20230325-150539-579	360.wav	もう2cmほど削ったほうがいいかな。	Yoshino	00000059/00059391.jpg	もう2cmほど削ったほうがいいな。	分かりました。やってみます。||微妙ですね||何か必要ですか？||分かりました。やってみます。||微妙ですね||何か必要ですか？	splitted_speech/pinmic/20230325-150539-579/360.html	splitted_speech/yoshino_original/20230325-150539-579/360.html
314	20230325-150539-579	558.wav	朝刊の一面はこの記事でいこう。	Yoshino	00000088/00088205.jpg	朝刊の一面はこの記事でいこう。	こっちの記事のほうが良いかも||こっちの記事のほうが良いかも	splitted_speech/pinmic/20230325-150539-579/558.html	splitted_speech/yoshino_original/20230325-150539-579/558.html
670	20230325-161026-551	685.wav	朝刊の一面はこの記事でいこう。	Kawano	00000088/00088205.jpg	朝刊の一面はこの記事でいこう。	こっちの記事のほうが良いかも||こっちの記事のほうが良いかも	splitted_speech/pinmic/20230325-161026-551/685.html	splitted_speech/kawano_original/20230325-161026-551/685.html
409	20230325-161026-551	315.wav	飲み物を入れますから少々お待ちくださいね。	Kawano	00000002/00002900.jpg	飲み物を入れますから少々お待ちくださいね。	コップ準備してきます。||コップ準備してきます。	splitted_speech/pinmic/20230325-161026-551/315.html	splitted_speech/kawano_original/20230325-161026-551/315.html
697	20230325-161026-551	737.wav	飲み物を入れますから少々お待ちくださいね。	Kawano	00000002/00002900.jpg	飲み物を入れますから少々お待ちくださいね。	コップ準備してきます。||コップ準備してきます。	splitted_speech/pinmic/20230325-161026-551/737.html	splitted_speech/kawano_original/20230325-161026-551/737.html
532	20230325-161026-551	496.wav	トイレに並べるのを手伝ってくださる？	Kawano	00000077/00077266.jpg	トレイに並べるのを手伝ってくださる？	今手伝います。||はい、わかりました。||おまかせ下さい||手伝いますね	splitted_speech/pinmic/20230325-161026-551/496.html	splitted_speech/kawano_original/20230325-161026-551/496.html
218	20230325-150539-579	457.wav	最後にこいつをのせるんだ。	Yoshino	00000099/00099125.jpg	最後にこいつをのせるんだ。	早く食べてみたいわ||もう持って行っていい？||早く食べてみたいわ||もう持って行っていい？	splitted_speech/pinmic/20230325-150539-579/457.html	splitted_speech/yoshino_original/20230325-150539-579/457.html
583	20230325-161026-551	567.wav	最後にこいつをのせるんだ。	Kawano	00000099/00099125.jpg	最後にこいつをのせるんだ。	早く食べてみたいわ||もう持って行っていい？||早く食べてみたいわ||もう持って行っていい？	splitted_speech/pinmic/20230325-161026-551/567.html	splitted_speech/kawano_original/20230325-161026-551/567.html
326	20230325-150539-579	570.wav	このレシピで作るんですね？	Yoshino	00000098/00098636.jpg	このレシピで作るんですね？	ぜひあなたに作って頂きたいのです	splitted_speech/pinmic/20230325-150539-579/570.html	splitted_speech/yoshino_original/20230325-150539-579/570.html
774	20230325-161026-551	826.wav	重いバケツを担ぐのは一苦労だよ。	Kawano	00000002/00002855.jpg	重いバケツを担ぐのは一苦労だよ。	私もお手伝いしましょうか？||私もお手伝いしましょうか？	splitted_speech/pinmic/20230325-161026-551/826.html	splitted_speech/kawano_original/20230325-161026-551/826.html
100	20230325-150539-579	323.wav	重いバケツを担ぐのは一苦労だよ。	Yoshino	00000002/00002855.jpg	重いバケツを担ぐのは一苦労だよ。	私もお手伝いしましょうか？||私もお手伝いしましょうか？	splitted_speech/pinmic/20230325-150539-579/323.html	splitted_speech/yoshino_original/20230325-150539-579/323.html
519	20230325-161026-551	479.wav	釘で打ち付ける前にえ糊付けするときれいにしあが仕上がるんです	Kawano	00000040/00040285.jpg	釘で打ち付ける前に糊付けするときれいに仕上がるんです	この板でいい？||この板でいい？	splitted_speech/pinmic/20230325-161026-551/479.html	splitted_speech/kawano_original/20230325-161026-551/479.html
148	20230325-150539-579	376.wav	釘で打ち付ける前に糊付けをするときれいに仕上がるんです	Yoshino	00000040/00040285.jpg	釘で打ち付ける前に糊付けするときれいに仕上がるんです	この板でいい？||この板でいい？	splitted_speech/pinmic/20230325-150539-579/376.html	splitted_speech/yoshino_original/20230325-150539-579/376.html
589	20230325-161026-551	573.wav	該当の資料はデーターベース上にはないようです。	Kawano	00000087/00087903.jpg	該当の資料はデーターベース上にはないようです。	それは困った	splitted_speech/pinmic/20230325-161026-551/573.html	splitted_speech/kawano_original/20230325-161026-551/573.html
668	20230325-161026-551	680.wav	綺麗なお花でしょ？	Kawano	00000077/00077406.jpg	綺麗な花でしょ？	ほんと綺麗ね||ほんと綺麗ね	splitted_speech/pinmic/20230325-161026-551/680.html	splitted_speech/kawano_original/20230325-161026-551/680.html
311	20230325-150539-579	555.wav	綺麗な花でしょう	Yoshino	00000077/00077406.jpg	綺麗な花でしょ？	ほんと綺麗ね||ほんと綺麗ね	splitted_speech/pinmic/20230325-150539-579/555.html	splitted_speech/yoshino_original/20230325-150539-579/555.html
615	20230325-161026-551	607.wav	生ハムはお好きですか。	Kawano	00000097/00097315.jpg	生ハムはお好きですか。どうぞ食べてみて下さい。	ありがとう、いただきます。||ではお言葉に甘えて。	splitted_speech/pinmic/20230325-161026-551/607.html	splitted_speech/kawano_original/20230325-161026-551/607.html
394	20230325-155017-589	39.wav	天板に均等に絞り出します。	Yoshino	00000032/00032260.jpg	天板に均等に絞り出します。	大変な作業ですね||大変な作業ですね	splitted_speech/pinmic/20230325-155017-589/39.html	splitted_speech/yoshino_original/20230325-155017-589/39.html
117	20230325-150539-579	341.wav	天板に均等に絞り出します。	Yoshino	00000032/00032260.jpg	天板に均等に絞り出します。	大変な作業ですね||大変な作業ですね	splitted_speech/pinmic/20230325-150539-579/341.html	splitted_speech/yoshino_original/20230325-150539-579/341.html
705	20230325-161026-551	745.wav	この容器に何て書いてある？	Kawano	00000040/00040267.jpg	この容器に何て書いてある？	どれどれ、ちょっと見せて。||どれどれ、ちょっと見せて。	splitted_speech/pinmic/20230325-161026-551/745.html	splitted_speech/kawano_original/20230325-161026-551/745.html
417	20230325-161026-551	323.wav	この容器に何て書いてある？	Kawano	00000040/00040267.jpg	この容器に何て書いてある？	どれどれ、ちょっと見せて。||どれどれ、ちょっと見せて。	splitted_speech/pinmic/20230325-161026-551/323.html	splitted_speech/kawano_original/20230325-161026-551/323.html
133	20230325-150539-579	357.wav	ヒジャブ無しでいいかしら	Yoshino	00000021/00021173.jpg	ひじゃぶ無しでいいかしら	とても美しいですから、そのままでお願いします。||何を言っているの	splitted_speech/pinmic/20230325-150539-579/357.html	splitted_speech/yoshino_original/20230325-150539-579/357.html
734	20230325-161026-551	776.wav	この装置に検査薬を入れてみますね。	Kawano	00000088/00088461.jpg	この装置に検査薬を入れてみますね。	どのような反応が出るか興味深いです。||どうなるんだろう。||どのような反応が出るか興味深いです。||どうなるんだろう。||どのような反応が出るか興味深いです。||どうなるんだろう。	splitted_speech/pinmic/20230325-161026-551/776.html	splitted_speech/kawano_original/20230325-161026-551/776.html
442	20230325-161026-551	358.wav	この装置に検査薬を入れてみますね。	Kawano	00000088/00088461.jpg	この装置に検査薬を入れてみますね。	どのような反応が出るか興味深いです。||どうなるんだろう。||どのような反応が出るか興味深いです。||どうなるんだろう。||どのような反応が出るか興味深いです。||どうなるんだろう。	splitted_speech/pinmic/20230325-161026-551/358.html	splitted_speech/kawano_original/20230325-161026-551/358.html
57	20230325-150539-579	279.wav	この装置に検査薬を入れてみますね。	Yoshino	00000088/00088461.jpg	この装置に検査薬を入れてみますね。	どのような反応が出るか興味深いです。||どうなるんだろう。||どのような反応が出るか興味深いです。||どうなるんだろう。||どのような反応が出るか興味深いです。||どうなるんだろう。	splitted_speech/pinmic/20230325-150539-579/279.html	splitted_speech/yoshino_original/20230325-150539-579/279.html
620	20230325-161026-551	613.wav	ドライバーで飛ばすよ	Kawano	00000064/00064234.jpg	ドライバーで飛ばすよ？	どんなショットになるのか、お手並み拝見だね。||頑張ってくださいね||どんなショットになるのか、お手並み拝見だね。||頑張ってくださいね	splitted_speech/pinmic/20230325-161026-551/613.html	splitted_speech/kawano_original/20230325-161026-551/613.html
257	20230325-150539-579	498.wav	ドライバーで飛ばすよ	Yoshino	00000064/00064234.jpg	ドライバーで飛ばすよ？	どんなショットになるのか、お手並み拝見だね。||頑張ってくださいね||どんなショットになるのか、お手並み拝見だね。||頑張ってくださいね	splitted_speech/pinmic/20230325-150539-579/498.html	splitted_speech/yoshino_original/20230325-150539-579/498.html
582	20230325-161026-551	566.wav	あなたは何故私に付いてくるのですか？	Kawano	00000060/00060087.jpg	あなたは何故私に付いてくるのですか？	たまたま行く方向が同じだけで、あなたの後を付いていってるわけではないですよ。	splitted_speech/pinmic/20230325-161026-551/566.html	splitted_speech/kawano_original/20230325-161026-551/566.html
641	20230325-161026-551	638.wav	ジャーンプ	Kawano	00000114/00114549.jpg	ジャーンプ	届くかな。||余裕ね	splitted_speech/pinmic/20230325-161026-551/638.html	splitted_speech/kawano_original/20230325-161026-551/638.html
527	20230325-161026-551	489.wav	明日の会議をー成功させなくっちゃいけないから、準備をちゃんとやっておかないといけないんですよ。	Kawano	00000096/00096891.jpg	明日の会議は成功させなくっちゃいけないから、準備をちゃんとやっておかないといけないんですよ。	念入りな準備ご苦労さまです。	splitted_speech/pinmic/20230325-161026-551/489.html	splitted_speech/kawano_original/20230325-161026-551/489.html
196	20230325-150539-579	430.wav	コード余ってる？	Yoshino	00000077/00077902.jpg	コード有ってる？	あってるはずだよ	splitted_speech/pinmic/20230325-150539-579/430.html	splitted_speech/yoshino_original/20230325-150539-579/430.html
60	20230325-150539-579	282.wav	くそっ。急に暴落しやがった。大損だぜ。	Yoshino	00000021/00021568.jpg	くそっ。急に暴落しやがった。大損だぜ。	すごい、よくできたね||すごい、よくできたね||すごい、よくできたね	splitted_speech/pinmic/20230325-150539-579/282.html	splitted_speech/yoshino_original/20230325-150539-579/282.html
445	20230325-161026-551	361.wav	くそっ。急に暴落しやがった。大損だぜ。	Kawano	00000021/00021568.jpg	くそっ。急に暴落しやがった。大損だぜ。	すごい、よくできたね||すごい、よくできたね||すごい、よくできたね	splitted_speech/pinmic/20230325-161026-551/361.html	splitted_speech/kawano_original/20230325-161026-551/361.html
737	20230325-161026-551	779.wav	くそっ。急に暴落しやがった。大損だぜ。	Kawano	00000021/00021568.jpg	くそっ。急に暴落しやがった。大損だぜ。	すごい、よくできたね||すごい、よくできたね||すごい、よくできたね	splitted_speech/pinmic/20230325-161026-551/779.html	splitted_speech/kawano_original/20230325-161026-551/779.html
631	20230325-161026-551	628.wav	僕の今までの練習の成果を聴いておくれ	Kawano	00000043/00043965.jpg	僕の今までの練習の成果を聴いておくれ	はい、聴かせていただきます。||お上手ですね	splitted_speech/pinmic/20230325-161026-551/628.html	splitted_speech/kawano_original/20230325-161026-551/628.html
603	20230325-161026-551	593.wav	フラインぎグディスクとったどー。	Kawano	00000007/00007293.jpg	フライングディスクとったどー。	どうしたんですか||元気にしてる。	splitted_speech/pinmic/20230325-161026-551/593.html	splitted_speech/kawano_original/20230325-161026-551/593.html
436	20230325-161026-551	344.wav	私達の並びはクリスマスツリーみたいでしょ？	Kawano	00000010/00010808.jpg	私達の並びクリスマスツリーみたいでしょ	かわいいですね	splitted_speech/pinmic/20230325-161026-551/344.html	splitted_speech/kawano_original/20230325-161026-551/344.html
586	20230325-161026-551	570.wav	先にご飯食べますよ。	Kawano	00000050/00050270.jpg	先にご飯食べますよ。	どうぞ、先に始めていてください。||どうぞ、先に始めていてください。	splitted_speech/pinmic/20230325-161026-551/570.html	splitted_speech/kawano_original/20230325-161026-551/570.html
221	20230325-150539-579	460.wav	先にご飯食べてますよ。	Yoshino	00000050/00050270.jpg	先にご飯食べますよ。	どうぞ、先に始めていてください。||どうぞ、先に始めていてください。	splitted_speech/pinmic/20230325-150539-579/460.html	splitted_speech/yoshino_original/20230325-150539-579/460.html
569	20230325-161026-551	551.wav	テレビを観てるの	Kawano	00000004/00004383.jpg	テレビを観てるの	音量大きすぎ。	splitted_speech/pinmic/20230325-161026-551/551.html	splitted_speech/kawano_original/20230325-161026-551/551.html
648	20230325-161026-551	651.wav	きまった！	Kawano	00000011/00011060.jpg	きまった！	今日はいいスタイルに仕上がってるね。||今日はいいスタイルに仕上がってるね。	splitted_speech/pinmic/20230325-161026-551/651.html	splitted_speech/kawano_original/20230325-161026-551/651.html
289	20230325-150539-579	530.wav	きまった！	Yoshino	00000011/00011060.jpg	きまった！	今日はいいスタイルに仕上がってるね。||今日はいいスタイルに仕上がってるね。	splitted_speech/pinmic/20230325-150539-579/530.html	splitted_speech/yoshino_original/20230325-150539-579/530.html
181	20230325-150539-579	413.wav	ただいまの時間から店内商品全て20％オフです。	Yoshino	00000032/00032092.jpg	ただいまの時間から店内商品全て20％オフです。	なにか買おうかな。||どんなものがあるのかな？||なにか買おうかな。||どんなものがあるのかな？	splitted_speech/pinmic/20230325-150539-579/413.html	splitted_speech/yoshino_original/20230325-150539-579/413.html
549	20230325-161026-551	520.wav	ただいまの時間から店内商品全て20％オフです。	Kawano	00000032/00032092.jpg	ただいまの時間から店内商品全て20％オフです。	なにか買おうかな。||どんなものがあるのかな？||なにか買おうかな。||どんなものがあるのかな？	splitted_speech/pinmic/20230325-161026-551/520.html	splitted_speech/kawano_original/20230325-161026-551/520.html
788	20230325-161026-551	842.wav	スタジオにこもりっぱなしで、なんだか仙人の気分だよ。	Kawano	00000085/00085926.jpg	スタジオにこもりっぱなしで、なんだか仙人の気分だよ。	気分転換に外に行こうか。||気分転換に外に行こうか。	splitted_speech/pinmic/20230325-161026-551/842.html	splitted_speech/kawano_original/20230325-161026-551/842.html
114	20230325-150539-579	338.wav	スタジオにこもりっぱなしで、なんだか仙人の気分だよ。	Yoshino	00000085/00085926.jpg	スタジオにこもりっぱなしで、なんだか仙人の気分だよ。	気分転換に外に行こうか。||気分転換に外に行こうか。	splitted_speech/pinmic/20230325-150539-579/338.html	splitted_speech/yoshino_original/20230325-150539-579/338.html
290	20230325-150539-579	531.wav	きゃっ倒れる	Yoshino	00000054/00054559.jpg	きゃっ倒れる	今助ける。||危ない	splitted_speech/pinmic/20230325-150539-579/531.html	splitted_speech/yoshino_original/20230325-150539-579/531.html
517	20230325-161026-551	477.wav	私、財布をどのポケットに入れたか覚えてない？	Kawano	00000109/00109776.jpg	私、財布をどのポケットに入れたか覚えてない？	カバンじゃないですか？	splitted_speech/pinmic/20230325-161026-551/477.html	splitted_speech/kawano_original/20230325-161026-551/477.html
131	20230325-150539-579	355.wav	机の上は僕が片づけるから触らないで。	Yoshino	00000017/00017654.jpg	机の上は僕が片づけるから触らないで。	わかりました触りません||わかりました触りません	splitted_speech/pinmic/20230325-150539-579/355.html	splitted_speech/yoshino_original/20230325-150539-579/355.html
501	20230325-161026-551	457.wav	机の上は僕が片づけるから触らないで。	Kawano	00000017/00017654.jpg	机の上は僕が片づけるから触らないで。	わかりました触りません||わかりました触りません	splitted_speech/pinmic/20230325-161026-551/457.html	splitted_speech/kawano_original/20230325-161026-551/457.html
44	20230325-150539-579	266.wav	ブンブン、危ないですよ。	Yoshino	00000015/00015926.jpg	ブンブン、危ないですよ。	元気だね||素敵。こっちをむいて||元気だね||素敵。こっちをむいて||元気だね||素敵。こっちをむいて	splitted_speech/pinmic/20230325-150539-579/266.html	splitted_speech/yoshino_original/20230325-150539-579/266.html
56	20230325-150539-579	278.wav	ブンブン、危ないですよ。	Yoshino	00000015/00015926.jpg	ブンブン、危ないですよ。	元気だね||素敵。こっちをむいて||元気だね||素敵。こっちをむいて||元気だね||素敵。こっちをむいて	splitted_speech/pinmic/20230325-150539-579/278.html	splitted_speech/yoshino_original/20230325-150539-579/278.html
733	20230325-161026-551	775.wav	ブンブン、危ないですよ。	Kawano	00000015/00015926.jpg	ブンブン、危ないですよ。	元気だね||素敵。こっちをむいて||元気だね||素敵。こっちをむいて||元気だね||素敵。こっちをむいて	splitted_speech/pinmic/20230325-161026-551/775.html	splitted_speech/kawano_original/20230325-161026-551/775.html
70	20230325-150539-579	292.wav	ドリンクはここで受け取るのよ。	Yoshino	00000066/00066622.jpg	ドリンクはここで受け取るのよ。	そうなんだ||わかりました。||そうなんだ||わかりました。	splitted_speech/pinmic/20230325-150539-579/292.html	splitted_speech/yoshino_original/20230325-150539-579/292.html
349	20230325-154844-077	14.wav	ドリンクはここで受け取るのよ。	Yoshino	00000066/00066622.jpg	ドリンクはここで受け取るのよ。	そうなんだ||わかりました。||そうなんだ||わかりました。	splitted_speech/pinmic/20230325-154844-077/14.html	splitted_speech/yoshino_original/20230325-154844-077/14.html
135	20230325-150539-579	359.wav	おかわりは頼まないの？	Yoshino	00000003/00003540.jpg	おかわりは頼まないの？	では、もう1杯いただきます。||もちろん、まだ飲むよ。||それではもう一杯貰おうかな||メニューを見てから決めるわ	splitted_speech/pinmic/20230325-150539-579/359.html	splitted_speech/yoshino_original/20230325-150539-579/359.html
82	20230325-150539-579	304.wav	これを少量足して、あとは混ぜれば出来上がりです。	Yoshino	00000036/00036759.jpg	これを少量足して、あとは混ぜれば出来上がりです。	さあ飲むぞ。	splitted_speech/pinmic/20230325-150539-579/304.html	splitted_speech/yoshino_original/20230325-150539-579/304.html
193	20230325-150539-579	427.wav	メッチャ美味いよ	Yoshino	00000011/00011750.jpg	メッチャ美味いよ	そうなんだ||私にも食べさせて。	splitted_speech/pinmic/20230325-150539-579/427.html	splitted_speech/yoshino_original/20230325-150539-579/427.html
239	20230325-150539-579	479.wav	雨が降りそうだから早めに広げたよ。商品が濡れたらたいへんだからね。	Yoshino	00000103/00103395.jpg	雨が降りそうだから早めに広げたよ。商品が濡れたらたいへんだからね。	何を売っているんですか？||私も折り畳み傘さそうかしら||手伝いましょうか||何を売っているんですか？||私も折り畳み傘さそうかしら||手伝いましょうか	splitted_speech/pinmic/20230325-150539-579/479.html	splitted_speech/yoshino_original/20230325-150539-579/479.html
602	20230325-161026-551	591.wav	雨が降りそうだから早めに広げたよ。	Kawano	00000103/00103395.jpg	雨が降りそうだから早めに広げたよ。商品が濡れたらたいへんだからね。	何を売っているんですか？||私も折り畳み傘さそうかしら||手伝いましょうか||何を売っているんですか？||私も折り畳み傘さそうかしら||手伝いましょうか	splitted_speech/pinmic/20230325-161026-551/591.html	splitted_speech/kawano_original/20230325-161026-551/591.html
140	20230325-150539-579	364.wav	弾いてみるから、曲名を当ててみて。	Yoshino	00000062/00062579.jpg	弾いてみるから、曲名を当ててみて。	答え分かるかなあ？	splitted_speech/pinmic/20230325-150539-579/364.html	splitted_speech/yoshino_original/20230325-150539-579/364.html
6	20230325-150539-579	228.wav	僕のキャリーバッグかっこいいでしょ？	Yoshino	00000020/00020068.jpg	僕のキャリーバッグかっこいいでしょ？	なかなかいいね||なかなかいいね||なかなかいいね	splitted_speech/pinmic/20230325-150539-579/228.html	splitted_speech/yoshino_original/20230325-150539-579/228.html
695	20230325-161026-551	735.wav	僕のキャリーバッグかっこいいでしょ？	Kawano	00000020/00020068.jpg	僕のキャリーバッグかっこいいでしょ？	なかなかいいね||なかなかいいね||なかなかいいね	splitted_speech/pinmic/20230325-161026-551/735.html	splitted_speech/kawano_original/20230325-161026-551/735.html
407	20230325-161026-551	313.wav	僕のキャリーバッグかっこいいでしょ？	Kawano	00000020/00020068.jpg	僕のキャリーバッグかっこいいでしょ？	なかなかいいね||なかなかいいね||なかなかいいね	splitted_speech/pinmic/20230325-161026-551/313.html	splitted_speech/kawano_original/20230325-161026-551/313.html
292	20230325-150539-579	533.wav	どれにしようかしら？	Yoshino	00000055/00055329.jpg	どれにしょうかしら？	こっちのデザインのほうが良くない？||こっちのデザインのほうが良くない？	splitted_speech/pinmic/20230325-150539-579/533.html	splitted_speech/yoshino_original/20230325-150539-579/533.html
651	20230325-161026-551	654.wav	どれにしょうかしら？	Kawano	00000055/00055329.jpg	どれにしょうかしら？	こっちのデザインのほうが良くない？||こっちのデザインのほうが良くない？	splitted_speech/pinmic/20230325-161026-551/654.html	splitted_speech/kawano_original/20230325-161026-551/654.html
234	20230325-150539-579	474.wav	ごめんなさい、もうしません。	Yoshino	00000020/00020710.jpg	ごめんなさい、申しません。	次からはもうやらないのよ	splitted_speech/pinmic/20230325-150539-579/474.html	splitted_speech/yoshino_original/20230325-150539-579/474.html
220	20230325-150539-579	459.wav	一時しのぎの補修だけど、何とか頑張るよ。	Yoshino	00000001/00001626.jpg	一時しのぎの補修だけど、何とか頑張るよ。	頑張ってください||頑張ってください	splitted_speech/pinmic/20230325-150539-579/459.html	splitted_speech/yoshino_original/20230325-150539-579/459.html
585	20230325-161026-551	569.wav	一時しのぎの補修だけど、何とか頑張るよ。	Kawano	00000001/00001626.jpg	一時しのぎの補修だけど、何とか頑張るよ。	頑張ってください||頑張ってください	splitted_speech/pinmic/20230325-161026-551/569.html	splitted_speech/kawano_original/20230325-161026-551/569.html
380	20230325-155017-589	25.wav	今日仕入れたばっかりだよ	Yoshino	00000049/00049027.jpg	今日仕入れたばっかりだよ	豚の顔も食べられるのですか。||豚の顔も食べられるのですか。||豚の顔も食べられるのですか。||豚の顔も食べられるのですか。	splitted_speech/pinmic/20230325-155017-589/25.html	splitted_speech/yoshino_original/20230325-155017-589/25.html
778	20230325-161026-551	830.wav	今日仕入れたばっかりだよ	Kawano	00000049/00049027.jpg	今日仕入れたばっかりだよ	豚の顔も食べられるのですか。||豚の顔も食べられるのですか。||豚の顔も食べられるのですか。||豚の顔も食べられるのですか。	splitted_speech/pinmic/20230325-161026-551/830.html	splitted_speech/kawano_original/20230325-161026-551/830.html
104	20230325-150539-579	327.wav	今日仕入れたばっかりだよ	Yoshino	00000049/00049027.jpg	今日仕入れたばっかりだよ	豚の顔も食べられるのですか。||豚の顔も食べられるのですか。||豚の顔も食べられるのですか。||豚の顔も食べられるのですか。	splitted_speech/pinmic/20230325-150539-579/327.html	splitted_speech/yoshino_original/20230325-150539-579/327.html
478	20230325-161026-551	421.wav	今日仕入れたばっかりだよ	Kawano	00000049/00049027.jpg	今日仕入れたばっかりだよ	豚の顔も食べられるのですか。||豚の顔も食べられるのですか。||豚の顔も食べられるのですか。||豚の顔も食べられるのですか。	splitted_speech/pinmic/20230325-161026-551/421.html	splitted_speech/kawano_original/20230325-161026-551/421.html
375	20230325-155017-589	20.wav	大体1ヶ月ぐらいはかかりますね。	Yoshino	00000029/00029722.jpg	大体1ヶ月くらいはかかりますね。	これくらいの大作ですと、それくらいは掛かるのですね。	splitted_speech/pinmic/20230325-155017-589/20.html	splitted_speech/yoshino_original/20230325-155017-589/20.html
404	20230325-161026-551	310.wav	ごめんなさい、今歯磨き中なの	Kawano	00000007/00007719.jpg	ごめんなさい、今歯磨き中なの	早くしてね。||せっかくだからそのまま撮ろうよ。||おっと、失礼。||早くしてね。||せっかくだからそのまま撮ろうよ。||おっと、失礼。	splitted_speech/pinmic/20230325-161026-551/310.html	splitted_speech/kawano_original/20230325-161026-551/310.html
3	20230325-150539-579	225.wav	ごめんなさい、今歯磨き中なの	Yoshino	00000007/00007719.jpg	ごめんなさい、今歯磨き中なの	早くしてね。||せっかくだからそのまま撮ろうよ。||おっと、失礼。||早くしてね。||せっかくだからそのまま撮ろうよ。||おっと、失礼。	splitted_speech/pinmic/20230325-150539-579/225.html	splitted_speech/yoshino_original/20230325-150539-579/225.html
41	20230325-150539-579	263.wav	見つかったか。	Yoshino	00000092/00092136.jpg	見つかったか。	みぃつけた||みぃつけた	splitted_speech/pinmic/20230325-150539-579/263.html	splitted_speech/yoshino_original/20230325-150539-579/263.html
439	20230325-161026-551	353.wav	見つかったか。	Kawano	00000092/00092136.jpg	見つかったか。	みぃつけた||みぃつけた	splitted_speech/pinmic/20230325-161026-551/353.html	splitted_speech/kawano_original/20230325-161026-551/353.html
495	20230325-161026-551	446.wav	これ火をつけると、炎がグワーっと上がったりしない？	Kawano	00000015/00015207.jpg	これ火をつけると、炎がグワーっと上がったりしない？怖いわ！	大丈夫、ゆっくりやって。||大丈夫ですよ||大丈夫、ゆっくりやって。||大丈夫ですよ	splitted_speech/pinmic/20230325-161026-551/446.html	splitted_speech/kawano_original/20230325-161026-551/446.html
797	20230325-161026-551	852.wav	炎がグワーっと上がったりしない？怖いわ！	Kawano	00000015/00015207.jpg	これ火をつけると、炎がグワーっと上がったりしない？怖いわ！	大丈夫、ゆっくりやって。||大丈夫ですよ||大丈夫、ゆっくりやって。||大丈夫ですよ	splitted_speech/pinmic/20230325-161026-551/852.html	splitted_speech/kawano_original/20230325-161026-551/852.html
108	20230325-150539-579	331.wav	図書館内ではフラッシュなんか焚かないでよ	Yoshino	00000014/00014082.jpg	図書館内ではフラッシュなんか焚かないでよ？	迷惑にならないようにします。||気を付けます||オーケー||迷惑にならないようにします。||気を付けます||オーケー||迷惑にならないようにします。||気を付けます||オーケー	splitted_speech/pinmic/20230325-150539-579/331.html	splitted_speech/yoshino_original/20230325-150539-579/331.html
782	20230325-161026-551	834.wav	図書館内ではフラッシュなんか焚かないでよ	Kawano	00000014/00014082.jpg	図書館内ではフラッシュなんか焚かないでよ？	迷惑にならないようにします。||気を付けます||オーケー||迷惑にならないようにします。||気を付けます||オーケー||迷惑にならないようにします。||気を付けます||オーケー	splitted_speech/pinmic/20230325-161026-551/834.html	splitted_speech/kawano_original/20230325-161026-551/834.html
482	20230325-161026-551	425.wav	図書館内ではフラッシュなんかた焚かないでよ	Kawano	00000014/00014082.jpg	図書館内ではフラッシュなんか焚かないでよ？	迷惑にならないようにします。||気を付けます||オーケー||迷惑にならないようにします。||気を付けます||オーケー||迷惑にならないようにします。||気を付けます||オーケー	splitted_speech/pinmic/20230325-161026-551/425.html	splitted_speech/kawano_original/20230325-161026-551/425.html
212	20230325-150539-579	449.wav	コーナー菌が溜まりやすいので念入りに散布しましょう。	Yoshino	00000076/00076738.jpg	コーナーは菌が溜まりやすいので念入りに散布しましょう。	おねがいします。虫がでないように||散布よろしくお願いします	splitted_speech/pinmic/20230325-150539-579/449.html	splitted_speech/yoshino_original/20230325-150539-579/449.html
593	20230325-161026-551	578.wav	夕しゃくの仕度をしています。	Kawano	00000076/00076978.jpg	夕飯の仕度をしています。	今日はどんな献立なんですか？||お疲れ様です||今日はどんな献立なんですか？||お疲れ様です	splitted_speech/pinmic/20230325-161026-551/578.html	splitted_speech/kawano_original/20230325-161026-551/578.html
228	20230325-150539-579	467.wav	夕飯の仕度をしてます。	Yoshino	00000076/00076978.jpg	夕飯の仕度をしています。	今日はどんな献立なんですか？||お疲れ様です||今日はどんな献立なんですか？||お疲れ様です	splitted_speech/pinmic/20230325-150539-579/467.html	splitted_speech/yoshino_original/20230325-150539-579/467.html
356	20230325-155017-589	1.wav	酔いつぶれて動けないの	Yoshino	00000017/00017464.jpg	酔いつぶれて動けないの	自分の体なんだから、そんなことがないようにしっかりしてよ！||人を呼ぶよ	splitted_speech/pinmic/20230325-155017-589/1.html	splitted_speech/yoshino_original/20230325-155017-589/1.html
629	20230325-161026-551	625.wav	乾いたら色付けよ	Kawano	00000030/00030557.jpg	乾いたら色付けよ	楽しみです||手伝おうか？	splitted_speech/pinmic/20230325-161026-551/625.html	splitted_speech/kawano_original/20230325-161026-551/625.html
334	20230325-150539-579	580.wav	その場でスライスして、お出ししています。	Yoshino	00000037/00037534.jpg	その場でスライスして、お出ししています。	そうなんですね||私にもください	splitted_speech/pinmic/20230325-150539-579/580.html	splitted_speech/yoshino_original/20230325-150539-579/580.html
18	20230325-150539-579	240.wav	ネコと遊ぶのはストレス発散になるよ。	Yoshino	00000088/00088845.jpg	ネコと遊ぶのはストレス発散になるよ。	それわかるわ||本当に可愛いですね！||それわかるわ||本当に可愛いですね！	splitted_speech/pinmic/20230325-150539-579/240.html	splitted_speech/yoshino_original/20230325-150539-579/240.html
707	20230325-161026-551	747.wav	ネコと遊ぶのはストレス発散になるよ。	Kawano	00000088/00088845.jpg	ネコと遊ぶのはストレス発散になるよ。	それわかるわ||本当に可愛いですね！||それわかるわ||本当に可愛いですね！	splitted_speech/pinmic/20230325-161026-551/747.html	splitted_speech/kawano_original/20230325-161026-551/747.html
83	20230325-150539-579	305.wav	ごみはごみ箱へ捨てよう	Yoshino	00000102/00102630.jpg	ごみはごみ箱へ捨てよう	マナーは大切だよね。||わかりました||すみません、これから気をつけます。||マナーは大切だよね。||わかりました||すみません、これから気をつけます。||マナーは大切だよね。||わかりました||すみません、これから気をつけます。	splitted_speech/pinmic/20230325-150539-579/305.html	splitted_speech/yoshino_original/20230325-150539-579/305.html
758	20230325-161026-551	805.wav	ごみはごみ箱へ捨てよう	Kawano	00000102/00102630.jpg	ごみはごみ箱へ捨てよう	マナーは大切だよね。||わかりました||すみません、これから気をつけます。||マナーは大切だよね。||わかりました||すみません、これから気をつけます。||マナーは大切だよね。||わかりました||すみません、これから気をつけます。	splitted_speech/pinmic/20230325-161026-551/805.html	splitted_speech/kawano_original/20230325-161026-551/805.html
359	20230325-155017-589	4.wav	ごみはごみ箱へ捨てよう	Yoshino	00000102/00102630.jpg	ごみはごみ箱へ捨てよう	マナーは大切だよね。||わかりました||すみません、これから気をつけます。||マナーは大切だよね。||わかりました||すみません、これから気をつけます。||マナーは大切だよね。||わかりました||すみません、これから気をつけます。	splitted_speech/pinmic/20230325-155017-589/4.html	splitted_speech/yoshino_original/20230325-155017-589/4.html
182	20230325-150539-579	414.wav	んぎゃー	Yoshino	00000072/00072529.jpg	んぎゃー	小さいですね！||はじめまして||可愛い赤ん坊ね、抱かせてもらえないかな。	splitted_speech/pinmic/20230325-150539-579/414.html	splitted_speech/yoshino_original/20230325-150539-579/414.html
500	20230325-161026-551	452.wav	どう、やわらかいでしょ？	Kawano	00000041/00041981.jpg	どう、やわらかいでしょ？	凄い||まさかここまで柔らかいとは思いませんでした	splitted_speech/pinmic/20230325-161026-551/452.html	splitted_speech/kawano_original/20230325-161026-551/452.html
319	20230325-150539-579	563.wav	練習時間はあと5分しかないよ	Yoshino	00000018/00018011.jpg	練習時間はあと5分しかないよ	ここのスタジオ、レンタル時間の延長できるか管理室に聞いてくるよ。||わたしは車の用意をしてきます。	splitted_speech/pinmic/20230325-150539-579/563.html	splitted_speech/yoshino_original/20230325-150539-579/563.html
328	20230325-150539-579	574.wav	取り敢えずネットの情報を掻き集めてみますね。	Yoshino	00000019/00019904.jpg	取り敢えずネットの情報を掻き集めてみますね。	何か出てきましたか？	splitted_speech/pinmic/20230325-150539-579/574.html	splitted_speech/yoshino_original/20230325-150539-579/574.html
176	20230325-150539-579	407.wav	そろそろ暗くなりそうだから帰る用意をするよ。	Yoshino	00000103/00103998.jpg	そろそろ暗くなりそうだから帰る用意するよ。	だいぶ日が傾いてきましたね、私もご一緒します。||わかりました||まだ帰りたくないわね。||だいぶ日が傾いてきましたね、私もご一緒します。||わかりました||まだ帰りたくないわね。	splitted_speech/pinmic/20230325-150539-579/407.html	splitted_speech/yoshino_original/20230325-150539-579/407.html
544	20230325-161026-551	514.wav	そろそろ暗くなりそうだから帰る用意するよ。	Kawano	00000103/00103998.jpg	そろそろ暗くなりそうだから帰る用意するよ。	だいぶ日が傾いてきましたね、私もご一緒します。||わかりました||まだ帰りたくないわね。||だいぶ日が傾いてきましたね、私もご一緒します。||わかりました||まだ帰りたくないわね。	splitted_speech/pinmic/20230325-161026-551/514.html	splitted_speech/kawano_original/20230325-161026-551/514.html
163	20230325-150539-579	394.wav	この緑色んところは何ですか？カビが生えているんですか？	Yoshino	00000012/00012841.jpg	この緑色のところは何ですか？カビが生えているのですか？	歯磨き粉をつけて、歯を磨く所だよ。	splitted_speech/pinmic/20230325-150539-579/394.html	splitted_speech/yoshino_original/20230325-150539-579/394.html
248	20230325-150539-579	489.wav	おーい、君も話し合いに参加したら？	Yoshino	00000119/00119120.jpg	おーい、君も話し合いに参加したら？	それでは開いている席に座って参加します。||何の話してるの？||今みんなで何を話し合っていたの？||話し合いに参加してほしいならそうするよ。||それでは開いている席に座って参加します。||何の話してるの？||今みんなで何を話し合っていたの？||話し合いに参加してほしいならそうするよ。	splitted_speech/pinmic/20230325-150539-579/489.html	splitted_speech/yoshino_original/20230325-150539-579/489.html
611	20230325-161026-551	602.wav	君も話し合いに参加したら？	Kawano	00000119/00119120.jpg	おーい、君も話し合いに参加したら？	それでは開いている席に座って参加します。||何の話してるの？||今みんなで何を話し合っていたの？||話し合いに参加してほしいならそうするよ。||それでは開いている席に座って参加します。||何の話してるの？||今みんなで何を話し合っていたの？||話し合いに参加してほしいならそうするよ。	splitted_speech/pinmic/20230325-161026-551/602.html	splitted_speech/kawano_original/20230325-161026-551/602.html
518	20230325-161026-551	478.wav	参ったよ、今日の売上はじゅぎょう従業員の給料を払ったら赤字だ。	Kawano	00000056/00056148.jpg	参ったよ、今月の売上では従業員の給料を払ったら赤字だ。	これからやれることを頑張ろうよ	splitted_speech/pinmic/20230325-161026-551/478.html	splitted_speech/kawano_original/20230325-161026-551/478.html
671	20230325-161026-551	686.wav	どうすれば電源が付くの？	Kawano	00000011/00011911.jpg	どうすれば電源が付くの？	ダメだよ、勝手にいじくっちゃあ。	splitted_speech/pinmic/20230325-161026-551/686.html	splitted_speech/kawano_original/20230325-161026-551/686.html
528	20230325-161026-551	490.wav	ピース。	Kawano	00000096/00096817.jpg	ピース。	オッケー、ちゃんと撮ったよ。	splitted_speech/pinmic/20230325-161026-551/490.html	splitted_speech/kawano_original/20230325-161026-551/490.html
741	20230325-161026-551	784.wav	まだ開店準備中です｡もう少しお待ちください	Kawano	00000037/00037192.jpg	まだ開店準備中です｡もう少しお待ちください	ああ、早すぎましたか。||じゃあ座って待ってるよ	splitted_speech/pinmic/20230325-161026-551/784.html	splitted_speech/kawano_original/20230325-161026-551/784.html
497	20230325-161026-551	449.wav	今日は一体どんな用件で？	Kawano	00000016/00016831.jpg	今日は一体どんな用件で？	先日相談した件です||先日相談した件です	splitted_speech/pinmic/20230325-161026-551/449.html	splitted_speech/kawano_original/20230325-161026-551/449.html
125	20230325-150539-579	349.wav	今日は一体どんな用件で？	Yoshino	00000016/00016831.jpg	今日は一体どんな用件で？	先日相談した件です||先日相談した件です	splitted_speech/pinmic/20230325-150539-579/349.html	splitted_speech/yoshino_original/20230325-150539-579/349.html
167	20230325-150539-579	398.wav	うりゃー	Yoshino	00000036/00036393.jpg	うりゃー	原住民の人かな？||原住民の人かな？	splitted_speech/pinmic/20230325-150539-579/398.html	splitted_speech/yoshino_original/20230325-150539-579/398.html
535	20230325-161026-551	504.wav	うりゃー	Kawano	00000036/00036393.jpg	うりゃー	原住民の人かな？||原住民の人かな？	splitted_speech/pinmic/20230325-161026-551/504.html	splitted_speech/kawano_original/20230325-161026-551/504.html
539	20230325-161026-551	508.wav	この向きで貼り付けるのがいいと思うけど、どう？	Kawano	00000070/00070097.jpg	この向きで貼り付けるのがいいと思うけど、どう？	近くで見せて下さい。	splitted_speech/pinmic/20230325-161026-551/508.html	splitted_speech/kawano_original/20230325-161026-551/508.html
763	20230325-161026-551	810.wav	まっすぐ線を引くのは気を使うんで話しかけないでくれ	Kawano	00000029/00029853.jpg	まっすぐ線を引くのは気を使うんで話しかけないでくれ	分かりました||分かりました||はい。||向こうに行ってますね。||タイトルはなんですか？||分かりました||分かりました||はい。||向こうに行ってますね。||タイトルはなんですか？	splitted_speech/pinmic/20230325-161026-551/810.html	splitted_speech/kawano_original/20230325-161026-551/810.html
88	20230325-150539-579	310.wav	まっすぐ線を引くのは気を使うんで話しかけないでくれ	Yoshino	00000029/00029853.jpg	まっすぐ線を引くのは気を使うんで話しかけないでくれ	分かりました||分かりました||はい。||向こうに行ってますね。||タイトルはなんですか？||分かりました||分かりました||はい。||向こうに行ってますね。||タイトルはなんですか？	splitted_speech/pinmic/20230325-150539-579/310.html	splitted_speech/yoshino_original/20230325-150539-579/310.html
15	20230325-150539-579	237.wav	すぐ出発する。支度は済ませたか？	Yoshino	00000090/00090469.jpg	すぐ出発する。支度は済ませたか？	準備万端だよ。||時間がありませんね||準備万端だよ。||時間がありませんね	splitted_speech/pinmic/20230325-150539-579/237.html	splitted_speech/yoshino_original/20230325-150539-579/237.html
416	20230325-161026-551	322.wav	すぐ出発する。支度は済ませたか？	Kawano	00000090/00090469.jpg	すぐ出発する。支度は済ませたか？	準備万端だよ。||時間がありませんね||準備万端だよ。||時間がありませんね	splitted_speech/pinmic/20230325-161026-551/322.html	splitted_speech/kawano_original/20230325-161026-551/322.html
256	20230325-150539-579	497.wav	すこし、お待ちください。	Yoshino	00000089/00089407.jpg	すこし、お待ちください。	はい、しばらく待っていますね。||わかりました、待ちます。	splitted_speech/pinmic/20230325-150539-579/497.html	splitted_speech/yoshino_original/20230325-150539-579/497.html
638	20230325-161026-551	635.wav	じゃあ入刀しますよ	Kawano	00000011/00011088.jpg	じゃあ入刀しますよ	こっちを向いて笑ってください。	splitted_speech/pinmic/20230325-161026-551/635.html	splitted_speech/kawano_original/20230325-161026-551/635.html
324	20230325-150539-579	568.wav	さて、どこから筆を入れようかしら。	Yoshino	00000029/00029713.jpg	さて、どこから筆を入れようかしら。	ここからでいいじゃない||ここからでいいじゃない	splitted_speech/pinmic/20230325-150539-579/568.html	splitted_speech/yoshino_original/20230325-150539-579/568.html
679	20230325-161026-551	700.wav	さて、どこから筆を入れようかしら。	Kawano	00000029/00029713.jpg	さて、どこから筆を入れようかしら。	ここからでいいじゃない||ここからでいいじゃない	splitted_speech/pinmic/20230325-161026-551/700.html	splitted_speech/kawano_original/20230325-161026-551/700.html
9	20230325-150539-579	231.wav	どんな映像に仕上がったんだい？	Yoshino	00000058/00058858.jpg	どんな映像に仕上がったんだい？	いま映像をセットしますので待ちください。||見てください||いま映像をセットしますので待ちください。||見てください	splitted_speech/pinmic/20230325-150539-579/231.html	splitted_speech/yoshino_original/20230325-150539-579/231.html
698	20230325-161026-551	738.wav	どんな映像に仕上がったんだい？	Kawano	00000058/00058858.jpg	どんな映像に仕上がったんだい？	いま映像をセットしますので待ちください。||見てください||いま映像をセットしますので待ちください。||見てください	splitted_speech/pinmic/20230325-161026-551/738.html	splitted_speech/kawano_original/20230325-161026-551/738.html
249	20230325-150539-579	490.wav	キャー噛まれたわ助けてー、なんてね	Yoshino	00000068/00068323.jpg	キャー噛まれたわ助けてー、なんてね	ははは。	splitted_speech/pinmic/20230325-150539-579/490.html	splitted_speech/yoshino_original/20230325-150539-579/490.html
669	20230325-161026-551	682.wav	戦場でも息抜きは大事だぞ。	Kawano	00000116/00116020.jpg	お前もこっちに来いよ、戦場でも息抜きは大事だぞ。	わかった、私もそのカードゲームに参加するよ。||はい。すぐに行きます。||わかった、私もそのカードゲームに参加するよ。||はい。すぐに行きます。	splitted_speech/pinmic/20230325-161026-551/682.html	splitted_speech/kawano_original/20230325-161026-551/682.html
312	20230325-150539-579	556.wav	お前もこっちに来いよ、戦場でも息抜きは大事だろう。	Yoshino	00000116/00116020.jpg	お前もこっちに来いよ、戦場でも息抜きは大事だぞ。	わかった、私もそのカードゲームに参加するよ。||はい。すぐに行きます。||わかった、私もそのカードゲームに参加するよ。||はい。すぐに行きます。	splitted_speech/pinmic/20230325-150539-579/556.html	splitted_speech/yoshino_original/20230325-150539-579/556.html
203	20230325-150539-579	438.wav	この上に置いておいた僕のバッグ知らない？	Yoshino	00000117/00117392.jpg	この上に置いておいた僕のバッグを知らない？	見てないな。||知らないなあ||どんなカバン？見かけませんでしたよ||知らないよ	splitted_speech/pinmic/20230325-150539-579/438.html	splitted_speech/yoshino_original/20230325-150539-579/438.html
531	20230325-161026-551	493.wav	ご利用ありがとうございました。	Kawano	00000099/00099165.jpg	ご利用ありがとうございました。	おいしい食事をありがとうございました。||こちらこそ、ありがとう	splitted_speech/pinmic/20230325-161026-551/493.html	splitted_speech/kawano_original/20230325-161026-551/493.html
153	20230325-150539-579	381.wav	論文を書き終えるまでそっとしといてください	Yoshino	00000043/00043432.jpg	論文を書き終えるまでそっとしておいてください	わかりました||論文を書いてるなんて知りませんでした。	splitted_speech/pinmic/20230325-150539-579/381.html	splitted_speech/yoshino_original/20230325-150539-579/381.html
514	20230325-161026-551	471.wav	いいから仕事しろよ	Kawano	00000007/00007907.jpg	いいから仕事しろよ	ごめんなさい||すみません。します。||ごめん。これだけ撮らせて。||ごめんなさい||すみません。します。||ごめん。これだけ撮らせて。	splitted_speech/pinmic/20230325-161026-551/471.html	splitted_speech/kawano_original/20230325-161026-551/471.html
144	20230325-150539-579	368.wav	いいから仕事しろよ	Yoshino	00000007/00007907.jpg	いいから仕事しろよ	ごめんなさい||すみません。します。||ごめん。これだけ撮らせて。||ごめんなさい||すみません。します。||ごめん。これだけ撮らせて。	splitted_speech/pinmic/20230325-150539-579/368.html	splitted_speech/yoshino_original/20230325-150539-579/368.html
188	20230325-150539-579	422.wav	後でその卵がかかってる部分、い一枚分けてくれる？	Yoshino	00000018/00018135.jpg	後でその卵がかかってる部分、一枚分けてくれる？	卵は潰してのばすけどいい？	splitted_speech/pinmic/20230325-150539-579/422.html	splitted_speech/yoshino_original/20230325-150539-579/422.html
236	20230325-150539-579	476.wav	めんどくさい	Yoshino	00000020/00020260.jpg	めんどくさい	何をするの、僕にやらせてみて。||何をするの、僕にやらせてみて。	splitted_speech/pinmic/20230325-150539-579/476.html	splitted_speech/yoshino_original/20230325-150539-579/476.html
599	20230325-161026-551	588.wav	めんどくさい	Kawano	00000020/00020260.jpg	めんどくさい	何をするの、僕にやらせてみて。||何をするの、僕にやらせてみて。	splitted_speech/pinmic/20230325-161026-551/588.html	splitted_speech/kawano_original/20230325-161026-551/588.html
238	20230325-150539-579	478.wav	自力で身体を動かすことが出来るかちょっと見てください。	Yoshino	00000070/00070330.jpg	自力で身体を動かすことが出来るかちょっと見ていてください。	意識はしっかりしているようですね。わかりました。||見ているよ！頑張って！	splitted_speech/pinmic/20230325-150539-579/478.html	splitted_speech/yoshino_original/20230325-150539-579/478.html
789	20230325-161026-551	843.wav	ニンジンのヘタを全て取ります。	Kawano	00000001/00001093.jpg	ニンジンのヘタを全て取ります。	何本くらい切るのですか？||何本くらい切るのですか？||何本くらい切るのですか？	splitted_speech/pinmic/20230325-161026-551/843.html	splitted_speech/kawano_original/20230325-161026-551/843.html
487	20230325-161026-551	436.wav	ニンジンのヘタを全て取ります。	Kawano	00000001/00001093.jpg	ニンジンのヘタを全て取ります。	何本くらい切るのですか？||何本くらい切るのですか？||何本くらい切るのですか？	splitted_speech/pinmic/20230325-161026-551/436.html	splitted_speech/kawano_original/20230325-161026-551/436.html
115	20230325-150539-579	339.wav	ニンジンのヘタを全て取ります。	Yoshino	00000001/00001093.jpg	ニンジンのヘタを全て取ります。	何本くらい切るのですか？||何本くらい切るのですか？||何本くらい切るのですか？	splitted_speech/pinmic/20230325-150539-579/339.html	splitted_speech/yoshino_original/20230325-150539-579/339.html
434	20230325-161026-551	342.wav	もう少し深く掘りましょう	Kawano	00000074/00074790.jpg	もう少し深く掘りましょう	はい、わかりました。先生	splitted_speech/pinmic/20230325-161026-551/342.html	splitted_speech/kawano_original/20230325-161026-551/342.html
274	20230325-150539-579	515.wav	君もタバコを吸いたいならあげるよ	Yoshino	00000003/00003508.jpg	君もタバコ吸いたいならあげるよ	いいのかい？　ありがとう。||私はタバコを吸わないので要らないです。||では1本ください。||じゃあ、一本くれよ。	splitted_speech/pinmic/20230325-150539-579/515.html	splitted_speech/yoshino_original/20230325-150539-579/515.html
268	20230325-150539-579	509.wav	今日は僕のDJで盛り上げるぞ。	Yoshino	00000036/00036580.jpg	今日は僕のDJで盛り上げるぞ。	素敵な音楽をかけてください。	splitted_speech/pinmic/20230325-150539-579/509.html	splitted_speech/yoshino_original/20230325-150539-579/509.html
567	20230325-161026-551	545.wav	がんばれ！	Kawano	00000113/00113668.jpg	がんばれ！	がんばれ	splitted_speech/pinmic/20230325-161026-551/545.html	splitted_speech/kawano_original/20230325-161026-551/545.html
310	20230325-150539-579	554.wav	ごらんなさいな、磨くと見違えるわ	Yoshino	00000051/00051032.jpg	ごらんなさいな、磨くと見違えるわ	掃除は大切ですねえ	splitted_speech/pinmic/20230325-150539-579/554.html	splitted_speech/yoshino_original/20230325-150539-579/554.html
371	20230325-155017-589	16.wav	ワインに合うおつまみを注文しようかしら。	Yoshino	00000097/00097554.jpg	ワインに合うおつまみ注文しようかしら。	決まりました？	splitted_speech/pinmic/20230325-155017-589/16.html	splitted_speech/yoshino_original/20230325-155017-589/16.html
477	20230325-161026-551	420.wav	今、試験中なので話かけないで下さい。	Kawano	00000006/00006193.jpg	今、試験中なので話かけないで下さい。	静かにしています。	splitted_speech/pinmic/20230325-161026-551/420.html	splitted_speech/kawano_original/20230325-161026-551/420.html
149	20230325-150539-579	377.wav	厨房狭いでしょう？	Yoshino	00000066/00066833.jpg	厨房狭いでしょう？	もし建て替えするんだったら、もっと広くした方がいいよ。	splitted_speech/pinmic/20230325-150539-579/377.html	splitted_speech/yoshino_original/20230325-150539-579/377.html
634	20230325-161026-551	631.wav	ぴーす！	Kawano	00000072/00072666.jpg	ぴーす！	笑顔でいい写真が撮れたよ。||はい、チーズ||はいチーズ||笑顔でいい写真が撮れたよ。||はい、チーズ||はいチーズ	splitted_speech/pinmic/20230325-161026-551/631.html	splitted_speech/kawano_original/20230325-161026-551/631.html
272	20230325-150539-579	513.wav	ぴーす！	Yoshino	00000072/00072666.jpg	ぴーす！	笑顔でいい写真が撮れたよ。||はい、チーズ||はいチーズ||笑顔でいい写真が撮れたよ。||はい、チーズ||はいチーズ	splitted_speech/pinmic/20230325-150539-579/513.html	splitted_speech/yoshino_original/20230325-150539-579/513.html
541	20230325-161026-551	510.wav	あれで見やすくなったでしょ？	Kawano	00000058/00058953.jpg	あれで見やすくなったでしょ？	じゃあまず書類を片付けますね||じゃあまず書類を片付けますね	splitted_speech/pinmic/20230325-161026-551/510.html	splitted_speech/kawano_original/20230325-161026-551/510.html
173	20230325-150539-579	404.wav	あれで見やすくなったでしょ？	Yoshino	00000058/00058953.jpg	あれで見やすくなったでしょ？	じゃあまず書類を片付けますね||じゃあまず書類を片付けますね	splitted_speech/pinmic/20230325-150539-579/404.html	splitted_speech/yoshino_original/20230325-150539-579/404.html
370	20230325-155017-589	15.wav	お客さんがいないからカウンターで寝ちゃおうかしら？	Yoshino	00000036/00036963.jpg	お客さんがいないからカウンターで寝ちゃおうかしら？	そこに寝ていて大丈夫ですか||そこに寝ていて大丈夫ですか||そこに寝ていて大丈夫ですか	splitted_speech/pinmic/20230325-155017-589/15.html	splitted_speech/yoshino_original/20230325-155017-589/15.html
470	20230325-161026-551	408.wav	カウンターで寝ちゃおうかしら？	Kawano	00000036/00036963.jpg	お客さんがいないからカウンターで寝ちゃおうかしら？	そこに寝ていて大丈夫ですか||そこに寝ていて大丈夫ですか||そこに寝ていて大丈夫ですか	splitted_speech/pinmic/20230325-161026-551/408.html	splitted_speech/kawano_original/20230325-161026-551/408.html
94	20230325-150539-579	316.wav	お客さんがいないからカウンターで寝ちゃおうかしら？	Yoshino	00000036/00036963.jpg	お客さんがいないからカウンターで寝ちゃおうかしら？	そこに寝ていて大丈夫ですか||そこに寝ていて大丈夫ですか||そこに寝ていて大丈夫ですか	splitted_speech/pinmic/20230325-150539-579/316.html	splitted_speech/yoshino_original/20230325-150539-579/316.html
320	20230325-150539-579	564.wav	切り分けるわね。	Yoshino	00000016/00016296.jpg	切り分けるわね。	お願いします。||切り分けられたケーキを早く食べたいですね。||ワオ、最高に美味しそうなケーキだね	splitted_speech/pinmic/20230325-150539-579/564.html	splitted_speech/yoshino_original/20230325-150539-579/564.html
172	20230325-150539-579	403.wav	服装は自由なの？	Yoshino	00000087/00087880.jpg	服装は自由なの	おもしろいね	splitted_speech/pinmic/20230325-150539-579/403.html	splitted_speech/yoshino_original/20230325-150539-579/403.html
12	20230325-150539-579	234.wav	うちは豚の丸焼きもありますよ	Yoshino	00000048/00048743.jpg	うちは豚の丸焼きありますよ	上に掛かっている豚、グロテスク	splitted_speech/pinmic/20230325-150539-579/234.html	splitted_speech/yoshino_original/20230325-150539-579/234.html
305	20230325-150539-579	548.wav	次、負けたら、交代するよ。	Yoshino	00000019/00019296.jpg	次、負けたら、交代するよ。	わかった、それまでは応援団だな	splitted_speech/pinmic/20230325-150539-579/548.html	splitted_speech/yoshino_original/20230325-150539-579/548.html
548	20230325-161026-551	519.wav	一気飲みだよ	Kawano	00000022/00022024.jpg	一気飲みだよ	危ないよ||危ないよ	splitted_speech/pinmic/20230325-161026-551/519.html	splitted_speech/kawano_original/20230325-161026-551/519.html
180	20230325-150539-579	411.wav	一気飲みだよ	Yoshino	00000022/00022024.jpg	一気飲みだよ	危ないよ||危ないよ	splitted_speech/pinmic/20230325-150539-579/411.html	splitted_speech/yoshino_original/20230325-150539-579/411.html
126	20230325-150539-579	350.wav	洋服も全部出すよ。	Yoshino	00000054/00054605.jpg	洋服も全部出すよ。	悩んでるの。	splitted_speech/pinmic/20230325-150539-579/350.html	splitted_speech/yoshino_original/20230325-150539-579/350.html
571	20230325-161026-551	553.wav	スポークが折れてたんだよね	Kawano	00000001/00001713.jpg	スポークが折れてたんだよね	なるほどね||それは困りましたね、自転車が走りませんね。	splitted_speech/pinmic/20230325-161026-551/553.html	splitted_speech/kawano_original/20230325-161026-551/553.html
552	20230325-161026-551	524.wav	レシートの枚数が足りないよ。	Kawano	00000028/00028590.jpg	いまのところ計算の合計は出てるけれど、レシートの枚数が足りないのよ。	こんなことなら日頃からちゃんとしておくんだったね。||一緒に探しましょうか。||それはおかしいわね	splitted_speech/pinmic/20230325-161026-551/524.html	splitted_speech/kawano_original/20230325-161026-551/524.html
222	20230325-150539-579	461.wav	ミキサーでかき混ぜたら次は鍋で煮るんだ	Yoshino	00000016/00016250.jpg	ミキサーでかき混ぜたら次は鍋で煮るんだ	これはスープか何かですかね？	splitted_speech/pinmic/20230325-150539-579/461.html	splitted_speech/yoshino_original/20230325-150539-579/461.html
17	20230325-150539-579	239.wav	お父さん、晩酌ですよ	Yoshino	00000002/00002903.jpg	お父さん、晩酌ですよ	お酌、ありがとう。||これは美味しそうなお酒だ。||ありがとう、娘に注いでもらうお酒は美味しいなあ||いただきます	splitted_speech/pinmic/20230325-150539-579/239.html	splitted_speech/yoshino_original/20230325-150539-579/239.html
255	20230325-150539-579	496.wav	このテープで固定しておきましょう。	Yoshino	00000022/00022901.jpg	このテープで固定しておきましょう。	大切な作品ですから慎重に作業しましょう。||すごいですね。この街を全部一人で作ったんですか？	splitted_speech/pinmic/20230325-150539-579/496.html	splitted_speech/yoshino_original/20230325-150539-579/496.html
190	20230325-150539-579	424.wav	色んな惣菜があるけど買わないかい？	Yoshino	00000079/00079157.jpg	色んな惣菜あるけど買わないかい？	おすすめはどれ？||ライスと合う総菜はどれですか？	splitted_speech/pinmic/20230325-150539-579/424.html	splitted_speech/yoshino_original/20230325-150539-579/424.html
301	20230325-150539-579	542.wav	3Ｄのプログラムをこれから動かしてみるのだけど見てみますか？	Yoshino	00000008/00008182.jpg	3Ｄのプログラムをこれから動かしてみるのだけれど見てみますか？	どんなものか見せてくれないか？||見せてもらえるんですか？||みてみたい	splitted_speech/pinmic/20230325-150539-579/542.html	splitted_speech/yoshino_original/20230325-150539-579/542.html
581	20230325-161026-551	565.wav	私のラッキーカラーは黒です。	Kawano	00000040/00040966.jpg	私のラッキーカラーは黒です。	私は何だろう||黒似合うよ	splitted_speech/pinmic/20230325-161026-551/565.html	splitted_speech/kawano_original/20230325-161026-551/565.html
